Sentence,Token,Label
0,Adidas,O
0,ZX,O
0,Size,O
0,"40,41,42",O
0,Price,O
0,2900,O
0,birr,O
0,­ЪЈбріарІхрѕФрѕ╗-рѕюріГрѕ▓рі«,B-LOC
0,рі«рѕюрѕГрѕх,I-LOC
0,рїђрѕГрЅБ,I-LOC
0,рѕўрІџрІх,I-LOC
0,рЇЋрѕІрІЏ,I-LOC
0,ріаріЋрІ░ріЏ,O
0,рІ░рѕерїЃ,O
0,ріЦріЋрІ░рІѕрїА,O
0,рІФрїѕріЎріЊрѕЇ,O
0,or,O
0,call,O
0,0920238243,O
1,рѕўріљрѕ╗рІг,O
1,рѕхрІЋрѕЇ,B-Product
1,рІ░рЅЦрЅ░рѕГ,B-Product
1,рїЦрЅЁрѕЇ,O
1,рѕЮрѕЅрІЋріљрЅх,O
1,ріерїЦрѕФрЅх,O
1,рїІрѕГ,O
1,!!,O
1,­ЪЉЅ,O
1,рЅарЇЇрЇЂрѕЮ,O
1,рЅђрѕѕрѕЮ,O
1,рІерѕЏрІФрѕ│рѕЇрЇЇ,O
1,рІерѕхрІЋрѕЇ,O
1,рІ░рЅЦрЅ░рѕГ,B-Product
1,­ЪЉЅ,O
1,рѕЂрѕѕрЅх,O
1,рїѕрЇєрЅйріЋ,O
1,рЅарІѕрїЦріљрЅх,O
1,рѕўрїарЅђрѕЮ,O
1,рІерѕџрІФрѕхрЅйрѕЇ,O
1,­ЪЉЅ,O
1,рЅарІерЅхріЏрІЇрѕЮ,O
1,ріЦрІхрѕю,O
1,ріГрѕЇрѕЇ,O
1,рѕірїарЅђрѕЎрЅарЅх,O
1,рІерѕџрЅйрѕЅрЅх,O
1,­ЪЉЅ,O
1,12,O
1,рѕўрїЦрЇІрЅх,O
1,рІерѕџрЅйрѕЅ,O
1,рЅБрѕѕрЅђрѕѕрѕЮ,O
1,ріЦрѕГрѕ│рѕХрЅйріЋ,O
1,рІФріФрЅ░рЅ░,O
1,­ЪЉЅ,O
1,рѕѕріарІФрІФрІЮ,O
1,ріарѕўрЅ║,O
1,рІерѕєріЉ,O
1,3,O
1,ріЦрѕГрѕ│рѕХрЅй,O
1,­ЪЉЅ,O
1,рѕ▓рІФрїарЇЅрЅБрЅИрІЇ,O
1,рІерѕЏрІГрЇѕрѕерЇѕрѕЕ,O
1,3,O
1,рѕІрї▓рѕХрЅй,O
1,­ЪЉЅ,O
1,рЅБрѕѕ,O
1,2,O
1,рЅђрІ│рІ│,O
1,рѕўрЅЁрѕерїФ,O
1,рІІрїІ,O
1,1400,B-PRICE
1,рІерѕЏрѕЁрЅарѕФрІі,O
1,рІхрѕерїѕрЇєрЅ╗рЅйріЋріЋ,O
1,рІГрїјрЅЦріЎ,O
1,https://linktr.ee/meneshaye,O
1,рІГрІ░рІЇрѕЅ,O
1,0989939393,O
1,рІѕрІГрѕЮ,O
1,0930323334,O
1,ріарІхрѕФрѕ╗рЇд,O
1,1.рїЅрѕГрІх,B-LOC
1,рѕЙрѕІ,I-LOC
1,рѕєрѕі,I-LOC
1,рѕ▓рЅ▓,I-LOC
1,рѕ┤ріЋрЅ░рѕГ,I-LOC
1,2.,O
1,рЇњрІФрѕ│,B-LOC
1,ріФріЋрЅхрѕф,O
1,рЅ│рІѕрѕГ,O
1,рЅарЅ░рїерѕЏрѕфрѕЮ,O
1,­ЪЉЅ,O
1,рїђрѕъ,O
1,рІ░рѕіріЊ,O
1,рѕърѕЇ,O
1,рЇц,O
1,рїѕрѕГрїѓ,B-LOC
1,ріерЇІрІЇріЋрЅ┤ріЋ,O
1,рѕЁріЋрЇЃ,O
1,рЇірЅх,O
1,рѕѕрЇірЅх,O
1,#рѕўріљрѕ╗рІг,O
1,#meneshaye,O
1,#kidsdrawing,O
1,#drawing,O
1,#kidsart,O
1,#art,O
1,#kidsartwork,O
1,#painting,O
1,#artclass,O
1,#kidspainting,O
1,#artwork,O
1,#kids,O
1,#kidsactivities,O
1,#creative,O
1,#creativity,O
1,#illustration,O
1,#childrenart,O
1,#artist,O
1,#creativekids,O
1,#sketching,O
1,#artforkids,O
1,#funart,O
1,#kidsdrawings,O
1,#fun,O
1,#littleartist,O
1,#kidsartclass,O
1,#kidscoloring,O
1,#kidscrafts,O
2,We,O
2,are,O
2,under-constructions,O
2,and,O
2,shop,O
2,is,O
2,closed,O
2,for,O
2,4,O
2,days.,O
2,call,O
2,before,O
2,came,O
2,we,O
2,will,O
2,deliver,O
2,to,O
2,ur,O
2,place,O
2,Contact,O
2,@rasneva,O
3,­Ъї╝­Ъї╝,O
3,рѕЇрІ«,O
3,рІерЅаріарѕЇ,O
3,рЅЁріЊрѕй,O
3,­Ъї╝­Ъї╝,O
3,ріЦріЋрІ░рЅђрїарѕѕ,O
3,ріљрІЇ,O
3,РЎд№ИЈрІЇрѕхріЋ,O
3,рЇЇрѕг,O
3,ріљрІЇ,O
3,рІФрѕѕрІЇ,O
3,­ЪћЦ­ЪћЦ­ЪћЦ,O
3,­ЪЈб,O
3,ріарІхрѕФрѕ╗­ЪЉЅ,O
3,рѕўрїѕріЊріЏ,B-LOC
3,#рѕўрѕ░рѕерЅх,O
3,рІ░рЇІрѕГ,O
3,рѕърѕЇ,O
3,рѕЂрѕѕрЅ░ріЏ,O
3,рЇјрЅЁ,O
3,рЅбрѕ«,O
3,рЅЂ.,O
3,S05/S06,O
3,­Ъўђ­Ъўђ­Ъўђ­Ъўђ,O
3,­ЪЊ▓,O
3,0902660722,O
3,­ЪЊ▓,O
3,0928460606,O
3,­Ъћќ,O
3,­Ъўђ,O
3,рЅаTelegram,O
3,рѕѕрѕЏрІўрІЮ,O
3,Рцх№ИЈ,O
3,рІГрїарЅђрѕЎ,O
3,@zemencallcenter,O
3,@zemenexpressadmin,O
3,рѕѕрЅ░рїерѕЏрѕф,O
3,рѕЏрЅЦрѕФрѕфрІФ,O
3,рІерЅ┤рѕїрїЇрѕФрѕЮ,O
3,рїѕрЇЃрЅйріЋРцх№ИЈ,O
3,https://telegram.me/zemenexpress,O
4,­Ъј»Baby,O
4,Head,O
4,Helmet,O
4,Cotton,O
4,Walk,O
4,Safety,O
4,Hat,O
4,Breathable,O
4,Headgear,O
4,Toddler,O
4,Antifall,O
4,Pad,O
4,­Ъћ░This,O
4,product,O
4,is,O
4,made,O
4,of,O
4,non-toxic,O
4,cotton,O
4,material.,O
4,­Ъћ░It,O
4,can,O
4,be,O
4,adjustable,O
4,to,O
4,fits,O
4,all,O
4,the,O
4,different,O
4,size,O
4,of,O
4,head.,O
4,­Ъћ░The,O
4,product,O
4,is,O
4,also,O
4,breathable,O
4,and,O
4,the,O
4,baby's,O
4,head,O
4,will,O
4,not,O
4,be,O
4,sultry,O
4,and,O
4,muggy,O
4,when,O
4,playing.,O
4,рІІрїІрЇд,O
4,­Ъњ░­ЪЈи,O
4,500,B-PRICE
4,рЅЦрѕГ,I-PRICE
4,РЎд№ИЈрІЇрѕхріЋ,O
4,рЇЇрѕг,O
4,ріљрІЇ,O
4,рІФрѕѕрІЇ,O
4,­ЪЈб,O
4,ріарІхрѕФрѕ╗­ЪЉЅ,O
4,рѕўрїѕріЊріЏ,B-LOC
4,рІ░рѕФрѕГрЅ▒,O
4,рѕЁріЋрЇЃ,O
4,рїјріЋ,O
4,рѕўрѕ░рѕерЅх,O
4,рІ░рЇІрѕГ,O
4,рѕърѕЇ,O
4,рѕЂрѕѕрЅ░ріЏ,O
4,рЇјрЅЁ,O
4,рЅбрѕ«,O
4,рЅЂ.,O
4,S05/S06,O
4,­ЪњД­ЪњД­ЪњД­ЪњД,O
4,­ЪЊ▓,O
4,0902660722,O
4,­ЪЊ▓,O
4,0928460606,O
4,­Ъћќ,O
4,­Ъњг,O
4,рЅаTelegram,O
4,рѕѕрѕЏрІўрІЮ,O
4,Рцх№ИЈ,O
4,рІГрїарЅђрѕЎ,O
4,@zemencallcenter,O
4,@zemenexpressadmin,O
4,рѕѕрЅ░рїерѕЏрѕф,O
4,рѕЏрЅЦрѕФрѕфрІФ,O
4,рІерЅ┤рѕїрїЇрѕФрѕЮ,O
4,рїѕрЇЃрЅйріЋРцх№ИЈ,O
4,https://telegram.me/zemenexpress,O
5,­ЪєЋnew,O
5,arrived(ріарІ▓рѕх,O
5,рІерїѕрЅБ)­ЪєЋ,O
5,-,O
5,ріЦріљрІџрѕЁ,O
5,ріЦріЊ,O
5,рІерЅ░рѕѕрІФрІЕ,O
5,рЅЦрѕФріЋрІх,O
5,рїФрѕЏрІјрЅй,O
5,рЅарІЏрѕгрІЇ,O
5,ріЦрѕѕрЅх,O
5,ріарѕхрїѕрЅЦрЅ░ріЊрѕЇрЇАрЇА,O
5,рѕўрЅ░рІЇ,O
5,рІГрїјрЅЦріЎріЋрЇАрЇА,O
5,­ЪЈбріарІхрѕФрѕ╗-рѕюріГрѕ▓рі«,B-LOC
5,рі«рѕюрѕГрѕх,I-LOC
5,рїђрѕГрЅБ,I-LOC
5,рѕўрІџрІх,I-LOC
5,рЇЋрѕІрІЏ,I-LOC
5,ріаріЋрІ░ріЏ,O
5,рІ░рѕерїЃ,O
5,ріЦріЋрІ░рІѕрїА,O
5,рІФрїѕріЎріЊрѕЇ,O
5,or,O
5,call,O
5,­ЪЊ▒.0920238243,O
6,Dell,O
6,Intel┬«,O
6,Core,O
6,i7,O
6,storage,O
6,рЇА,O
6,1tb,O
6,RAM,O
6,рЇА,O
6,8gb,O
6,Graphics,O
6,рЇА,O
6,intel┬«hd,O
6,graphics,O
6,Generation,O
6,рЇА,O
6,4th,O
6,Inch,O
6,"рЇА14""",O
6,Status:,O
6,openbox,O
6,­Ъњ░рЇА,O
6,15300,O
6,call,O
6,+251912759900,O
6,+251920153333,O
6,Contact,O
6,me,O
6,@rasneva,O
6,see,O
6,the,O
6,picture,O
6,down,O
6,­ЪЉЄ,O
6,here,O
7,JORDAN,O
7,15,O
7,Size,O
7,39#40#41#42#43,O
7,MADE,O
7,IN,O
7,VIETNAM,O
7,SHEWA,O
7,BRAND,O
7,ріарІхрѕФрѕ╗,O
7,рІхрѕгрІ│рІІ,B-LOC
7,ріарѕИрІІ,I-LOC
7,рѕџріЊ,I-LOC
7,рѕЁріЋрЇЃ,I-LOC
7,1ріЏ,O
7,рЇјрЅЁ,O
7,рѕІрІГ,O
7,ріЦріЋрїѕріЏрѕѕріЋ,O
7,рІерЅ┤рѕїрїЇрѕФрѕЮ,O
7,рЅ╗ріЊрѕІрЅйріЋріЋ,O
7,рІГрЅђрѕІрЅђрѕЅ,O
7,­ЪЉЄ­ЪЉЄ­ЪЉЄ,O
7,https://t.me//shewabrand,O
7,https://t.me//shewabrand,O
7,https://t.me//shewabrand,O
7,https://t.me//shewabrand,O
7,рІерЅцрЅх,O
7,рЅЂрїЦрѕГ,O
7,109,O
7,ріЦріЊ,O
7,110,O
7,­ЪЊЕрЅа,O
7,inbox,O
7,@shewat2,O
7,ріарІІрѕЕріЋ,O
7,­ЪЊъ,O
7,0987336458,O
7,­ЪЊъ0948595409,O
7,рІГрІ░рІЇрѕЅрѕЇріЋ,O
8,рѕѕрѕЁрЇЃріЊрЅх,O
8,рЅ░рѕхрѕЏрѕџ,O
8,ріерѕєріљ,O
8,рІерѕ░рІЇріљрЅх,O
8,рѕЏрѕѕрѕхрѕѕрѕ╗,O
8,рЅЁрЅБрЅх,O
8,рѕѕрѕЏрІўрІЮ,O
8,0974312223,O
8,рІГрІ░рІЇрѕЅ,O
8,рІѕрІГрѕЮ,O
8,https://t.me/helloo_market_bot?start=159110001,O
8,рІГрїарЅђрѕЎ!,O
8,#Madeinethiopia,O
8,#Kids,O
8,#PersonalCare,O
8,#Ethiopian,O
8,#Marketplace,O
8,#BuyEthiopia,O
9,ріЦрѕхріерІЏ,O
9,2рЅа1,O
9,рІерѕЇрїєрЅй,O
9,рЇќрЇќ,O
9,­ЪЉЅрЅ░ріљрїЦрѕј,O
9,рІѕрїЦрЅХ,O
9,рѕ▓ріЋріГ,O
9,рѕІрІГ,O
9,рІерѕџрЅђрѕўрїЦ,O
9,­ЪЉЅрѕѕрѕЇрїєрЅй,O
9,рѕЮрЅ╣,O
9,рІерѕєріљ,O
9,рѕЇрІЕ,O
9,рІ▓рІЏрІГріЋ,O
9,­ЪЉЅрІерѕЇрїєрІјріЋ,O
9,рІ░рѕЁріЋріљрЅх,O
9,рІерѕџрїарЅЦрЅЁ,O
9,­ЪЉЅрѕЏрІГрЅђрІўрЅЁрІЮ,O
9,ріЦріЊ,O
9,рІерѕЏрІГрЅєрѕерЅЂрѕГ,O
9,­ЪЉЅрЅарїБрѕЮ,O
9,рїаріЋріФрѕФ,O
9,­ЪЉЅрѕѕрѕЏрЇЁрІ│рЅх,O
9,ріарѕўрЅ║,O
9,ріЦріЊ,O
9,рЅарЅђрѕІрѕЅ,O
9,рІерѕџріљрЅЃрЅђрѕЇ,O
9,­ЪЉЅрІерЅ░рѕерїІрїѕрїа,O
9,рІе,O
9,ріаріЋрІх,O
9,рІЊрѕўрЅх,O
9,рІІрѕхрЅхріЊ,O
9,ріЦріЋрѕ░рїБрѕѕріЋРђ╝№ИЈ,O
9,0989939393,O
9,/,O
9,­ЪЊ▒0911259661,O
9,­Ъџ┤РђЇРЎѓ№ИЈ,O
9,рІГрІўрІЎріЋ,O
9,рІФрѕЅрЅарЅх,O
9,рІхрѕерѕх,O
9,ріЦріЊрѕўрїБрѕѕріЋРђ╝№ИЈ,O
9,­ЪЉЅрЅарѕџрѕіріњрІерѕЮ,O
9,ріЦріЊ,O
9,ріцрїЇрІџрЅбрѕйріЋ,O
9,рЅБрІЏрѕГ,O
9,рІФрїѕріЎріЊрѕЇ,O
9,­ЪЉЅ#kidspottytraining,O
9,#рІерѕЇрїЁ_рѕЇрїЁ_рІ░рѕхрЅ│,O
9,#mombabycare,O
9,#ethiomom,O
9,#addisababa,O
9,#gelagle,O
10,Kids,O
10,underwear,O
10,1,O
10,pcs,O
10,400,O
10,birr,O
10,0909003864,O
10,0905707448,O
10,рѕіріЋріЕріЋ,O
10,рЅарѕўрїФріЋ,O
10,рЅ┤рѕїрїЇрѕФрѕЏрЅйріЋріЋ,O
10,рІГрЅђрѕІрЅђрѕЅhttps://t.me/sinayelj,O
10,ріЦрЅЃ,O
10,рѕѕрѕЏрІўрІЮ,O
10,ріерѕхрѕГ,O
10,рІФрѕѕрІЇріЋ,O
10,рѕіріЋрі«рЅй,O
10,рЅарѕўрїФріЋ,O
10,рѕЏрІўрІЮ,O
10,рЅхрЅйрѕІрѕІрЅ╣,O
10,@sinasinaye,O
10,https://t.me/sinayelj2,O
10,ріарІхрѕФрѕ╗,O
10,1№ИЈРЃБрЅЂрїЦрѕГ1,O
10,рїѕрѕГрїѓ,B-LOC
10,рібрѕЮрЇћрѕфрІФрѕЇ,I-LOC
10,ріерѕ│рѕџ,I-LOC
10,рѕЁріЋрЇЃ,I-LOC
10,рїјріЋ,I-LOC
10,ріарѕЇрЇјрІЮ,I-LOC
10,рЇЋрѕІрІЏ,I-LOC
10,рїЇрѕФрІЇріЋрІх,I-LOC
10,рѕІрІГ,O
10,ріЦріЋрІ░рїѕрЅА,O
10,рІФрїѕріЎріЊрѕЇ,O
10,2№ИЈРЃБрЅЂрїЦрѕГ2,O
10,4ріфрѕј,B-LOC
10,рЅЁрІхрѕхрЅх,I-LOC
10,рѕхрѕІрѕ┤,I-LOC
10,рѕЁріЋрЇЃ,I-LOC
10,рѕЏрѕѕрЅхрѕЮ,O
10,ріерЅЦрѕЇрЇЁрїЇріЊ,O
10,рІІріЊрЇЁрЇѕрЅх,O
10,рЅцрЅх,O
10,рѕЁріЋрЇЃ,O
10,рЅарѕхрЅ░,O
10,рЅђріЮ,O
10,рЅБрѕѕрІЇ,O
10,ріарѕхрЇЊрѕЇрЅх,O
10,20рѕюрЅхрѕГ,O
10,рІЮрЅЁ,O
10,ріЦріЋрІ│рѕЅ,O
10,рѕђрЅарѕ╗,O
10,рі«рЇі,O
10,рІерѕџрїѕріЮрЅарЅх,O
10,рЅђрІГ,O
10,рѕИріГрѕІ,O
10,рѕЁріЋрЇЃ,O
10,2рЅ░ріЏ,O
10,рЇјрЅЁ,O
10,рѕІрІГ,O
10,рІФрїѕріЎріЊрѕЇ,O
10,ріГрЅАрѕФріЋ,O
10,рІ░рѕЮрЅаріърЅ╗рЅйріЋ,O
10,рїѕрѕГрїѓ,B-LOC
10,ріарѕЇрЇјрІЮ,I-LOC
10,рЇЋрѕІрІЏ,I-LOC
10,рѕІрІГ,O
10,ріарѕФрЅх,O
10,ріфрѕј,O
10,рЅЁрІхрѕхрЅх,O
10,рѕхрѕІрѕ┤,O
10,рІФрѕЅрЅх,O
10,рѕ▒рЅєрЅ╗рЅйріЋ,O
10,рѕ▓рѕўрїА,O
10,ріарѕхрЅ░рѕЏрѕЏріЮ,O
10,рѕ░рЇі,O
10,рЇЊрѕГріфріЋрїЇ,O
10,рІФрѕІрЅИрІЇ,O
10,рѕўрѕєріЊрЅИрІЇріЋ,O
10,рЅарЅ│рѕІрЅЁ,O
10,рІ░рѕхрЅ│,O
10,ріЦріЊрЅарѕхрѕФрѕѕріЋ­ЪЎЈ­ЪЎЈ­ЪЎЈ,O
11,­ЪњЦ­ЪњЦ...................................­ЪњЦ­ЪњЦ,O
11,­Ъј»,O
11,Reusable,O
11,convenience,O
11,LVy,O
11,Grip,O
11,Tape,O
11,­Ъњ»High,O
11,Quality,O
11,┬«№ИЈ,O
11,рІЇрЇЇрѕФрѕЮ,O
11,рЅ▓ріГріљрѕх,O
11,рІФрѕѕрІЇ,O
11,ріаріЋрІ░ріЏрІЇ,O
11,#рѕЋрІГрІѕрЅхрІјріЋ_рІерѕџрІФрЅђрѕЇ_рЇЋрѕІрѕхрЅ░рѕГ,O
11,­Ъћ░рЅєрѕФрѕГрїаріЋ,O
11,рѕўрїарЅђрѕЮ,O
11,рІерѕЮріЋрЅйрѕѕрІЅ,O
11,­Ъћ░рЅа,O
11,рѕЂрѕѕрЅ▒рѕЮ,O
11,рїјріЋ,O
11,ріарїБрЅЦрЅє,O
11,рѕўрІФрІЮ,O
11,рІерѕџрЅйрѕЇ,O
11,­Ъћ░рЅ│рїЦрЅд,O
11,ріЦріЋрІ░рїѕріЊ,O
11,рїЦрЅЁрѕЮ,O
11,рѕІрІГ,O
11,рѕірІЇрѕЇ,O
11,рІерѕџрЅйрѕЇ,O
11,­Ъћ░рѕѕрѕхрѕФ,O
11,рЅдрЅ│,O
11,рЇБрѕѕріфрЅйріЋрІј...,O
11,рЅ░рѕўрѕФрїГ,O
11,­ЪфъSize:,O
11,3,O
11,Meter,O
11,-,O
11,2Meter,O
11,­Ъфъ,O
11,Double,O
11,Sided,O
11,Tape,O
11,"­ЪфъReusable,",O
11,Removable,O
11,&,O
11,Washable,O
11,­Ъфъ,O
11,Ivy,O
11,Grip,O
11,Tape,O
11,Life,O
11,Magic,O
11,Tape,O
11,­ЪфъSeamless,O
11,"hook,",O
11,­Ъфъnano-sol,O
11,all-purpose,O
11,tape,O
11,­ЪЉЅ,O
11,Lvy,O
11,Grip,O
11,Gel,O
11,pad,O
11,to,O
11,suit,O
11,your,O
11,every,O
11,needРђ╝№ИЈ,O
11,рІІрїІрЇд,O
11,­Ъњх­ЪЈи,O
11,3рѕюрЅхрѕГ,O
11,450,O
11,рЅЦрѕГРюЁ,B-PRICE
11,РЎд№ИЈрІЇрѕхріЋ,O
11,рЇЇрѕг,O
11,ріљрІЇ,O
11,рІФрѕѕрІЇ,O
11,­Ъўђ­Ъўђ­Ъўђ,O
11,­ЪЈб,O
11,ріарІхрѕФрѕ╗­ЪЉЅ,O
11,­ЪЊЇрЅЂ.1№ИЈРЃБРЎд№ИЈрѕўрїѕріЊріЏ,O
11,рѕўрѕ░рѕерЅх,O
11,рІ░рЇІрѕГ,O
11,рѕърѕЇ,O
11,рѕЂрѕѕрЅ░ріЏ,O
11,рЇјрЅЁ,O
11,рЅбрѕ«,O
11,рЅЂ.,O
11,S05/S06,O
11,­ЪЊЇ,O
11,рЅЂ.2№ИЈРЃБРЎд№ИЈрЇњрІФрѕ│,O
11,рїірІ«рѕГрїірѕх,O
11,ріарІ░рЅБрЅБрІГ,O
11,рѕФрѕўрЅх_рЅ│рЅдрѕГ_рідрІ│_рѕЁріЋрЇЃ,O
11,1ріЏ,O
11,рЇјрЅЁ,O
11,рѕ▒рЅЁ,O
11,рЅЂ.,O
11,G1,O
11,-107,O
11,­ЪњД­ЪњД­ЪњД­ЪњД,O
11,­ЪЊ▓,O
11,0902660722,O
11,­ЪЊ▓,O
11,0928460606,O
11,РъА№ИЈ,O
11,­Ъћ┤рЇњрІФрѕ│,O
11,рЅЁрѕГріЋрїФрЇЇ,O
11,0941337070,O
11,­Ъћќ,O
11,­ЪњгрЅаTelegram,O
11,рѕѕрѕЏрІўрІЮ,O
11,Рцх№ИЈ,O
11,рІГрїарЅђрѕЎ­Ъћй,O
11,@zemencallcenter,O
11,@zemenexpressadmin,O
11,рѕѕрЅ░рїерѕЏрѕф,O
11,рѕЏрЅЦрѕФрѕфрІФ,O
11,рІерЅ┤рѕїрїЇрѕФрѕЮ,O
11,рїѕрЇЃрЅйріЋРцх№ИЈ,O
11,https://telegram.me/zemenexpress,O
11,­ЪњЦ­ЪњЦ...................................­ЪњЦ­ЪњЦ,O
12,adidas,O
12,campus,O
12,Bad,O
12,Size,O
12,40#41#42#43#44#45,O
12,MADE,O
12,IN,O
12,VIETNAM,O
12,SHEWA,O
12,BRAND,O
12,ріарІхрѕФрѕ╗,O
12,рІхрѕгрІ│рІІ,B-LOC
12,ріарѕИрІІ,I-LOC
12,рѕџріЊ,I-LOC
12,рѕЁріЋрЇЃ,I-LOC
12,1ріЏ,O
12,рЇјрЅЁ,O
12,рѕІрІГ,O
12,ріЦріЋрїѕріЏрѕѕріЋ,O
12,рІерЅ┤рѕїрїЇрѕФрѕЮ,O
12,рЅ╗ріЊрѕІрЅйріЋріЋ,O
12,рІГрЅђрѕІрЅђрѕЅ,O
12,­ЪЉЄ­ЪЉЄ­ЪЉЄ,O
12,https://t.me//shewabrand,O
12,https://t.me//shewabrand,O
12,https://t.me//shewabrand,O
12,https://t.me//shewabrand,O
12,рІерЅцрЅх,O
12,рЅЂрїЦрѕГ,O
12,109,O
12,ріЦріЊ,O
12,110,O
12,­ЪЊЕрЅа,O
12,inbox,O
12,@shewat2,O
12,ріарІІрѕЕріЋ,O
12,­ЪЊъ,O
12,0987336458,O
12,­ЪЊъ0948595409,O
12,рІГрІ░рІЇрѕЅрѕЇріЋ,O
13,­Ъј»Black,O
13,board,O
13,sticker,O
13,­Ъћ░рѕЏріЋріЏрІЇрѕЮ,O
13,рїЇрІхрїЇрІ│,O
13,рѕІрІГ,O
13,рѕўрѕѕрїарЇЇ,O
13,рІерѕЮріЋрЅйрѕѕрІЇ,O
13,­Ъћ░рІерѕФрѕ▒,O
13,рѕўрѕѕрїарЇірІФ,O
13,рІФрѕѕрІЇ,O
13,­Ъћ░рЅарЇѕрѕѕрїЇріљрІЇ,O
13,рѕўрїаріЋ,O
13,рѕўрЅєрѕФрѕерїЦ,O
13,рІерѕЮріЋрЅйрѕѕрІЇ,O
13,­Ъћ░,O
13,Blackboard,O
13,Stickers,O
13,­Ъћ░Removable,O
13,­Ъћ░Size:200cm,O
13,X,O
13,45,O
13,cm,O
13,Color:,O
13,Black,O
13,рІІрїІрЇд,O
13,­Ъњ░­ЪЈи,O
13,1100,B-PRICE
13,рЅЦрѕГ,I-PRICE
13,РЎд№ИЈрІЇрѕхріЋ,O
13,рЇЇрѕг,O
13,ріљрІЇ,O
13,рІФрѕѕрІЇ,O
13,­ЪЈб,O
13,ріарІхрѕФрѕ╗­ЪЉЅ,O
13,рѕўрїѕріЊріЏ,B-LOC
13,рІ░рѕФрѕГрЅ▒,O
13,рѕЁріЋрЇЃ,O
13,рїјріЋ,O
13,рѕўрѕ░рѕерЅх,O
13,рІ░рЇІрѕГ,O
13,рѕърѕЇ,O
13,рѕЂрѕѕрЅ░ріЏ,O
13,рЇјрЅЁ,O
13,рЅбрѕ«,O
13,рЅЂ.,O
13,S05/S06,O
13,­ЪњД­ЪњД­ЪњД­ЪњД,O
13,­ЪЊ▓,O
13,0902660722,O
13,­ЪЊ▓,O
13,0928460606,O
13,­Ъћќ,O
13,­Ъњг,O
13,рЅаTelegram,O
13,рѕѕрѕЏрІўрІЮ,O
13,Рцх№ИЈ,O
13,рІГрїарЅђрѕЎ,O
13,@zemencallcenter,O
13,@zemenexpressadmin,O
13,рѕѕрЅ░рїерѕЏрѕф,O
13,рѕЏрЅЦрѕФрѕфрІФ,O
13,рІерЅ┤рѕїрїЇрѕФрѕЮ,O
13,рїѕрЇЃрЅйріЋРцх№ИЈ,O
13,https://telegram.me/zemenexpress,O
14,Nike,O
14,#racermax,O
14,Made,O
14,in,O
14,Vietnam,O
14,Price,O
14,1250,O
14,birr,O
14,­ЪЈбріарІхрѕФрѕ╗-рѕюріГрѕ▓рі«,B-LOC
14,рі«рѕюрѕГрѕх,I-LOC
14,рїђрѕГрЅБ,I-LOC
14,рѕўрІџрІх,I-LOC
14,рЇЋрѕІрІЏ,I-LOC
14,ріаріЋрІ░ріЏ,O
14,рІ░рѕерїЃ,O
14,ріЦріЋрІ░рІѕрїА,O
14,рІФрїѕріЎріЊрѕЇ,O
14,or,O
14,call,O
14,0920238243,O
15,#Foot_Bath_Massager,O
15,­Ъј»,O
15,рѕѕріЦрїЇрѕ«рЅ╗рЅйріЋ,O
15,рЅ░рїерѕЏрѕф,O
15,рІЇрЅарЅх,O
15,рІерѕџрІФрѕІрЅЦрѕх,O
15,­Ъј»,O
15,ріЦрїЇрѕФрЅйріЋ,O
15,рѕўрІ│рЇЇ,O
15,рѕІрІГ,O
15,рІерѕџрїѕріЎрЅхріЋ,O
15,рІеріљрѕГрЅГ,O
15,рїФрЇјрЅй,O
15,рЅарѕЏріљрЅЃрЅЃрЅх,O
15,рїцріЊрѕЏ,O
15,рІерІ░рѕЮ,O
15,рІЮрІЇрІЇрѕГ,O
15,рѕхрѕГріарЅх,O
15,рѕѕрѕўрЇЇрїарѕГ,O
15,рІерѕџрѕерІ│,O
15,­Ъј»рЅарѕХрігрЅх,O
15,рІерѕџрѕ░рѕФ,O
15,­Ъј»,O
15,рЅцрЅ│рЅйріЋ,O
15,рЅарѕЮріЋрЅєрІГрЅарЅх,O
15,рїірІю,O
15,рІЇрЅарЅ│рЅйріЋ,O
15,ріЦріЊ,O
15,рїцріЊрЅйріЋ,O
15,рѕѕрѕўрїарЅарЅЁ,O
15,рІерѕџрІФрїЇрІЮ,O
15,Рўј№ИЈрІГрІ░рІЇрѕЅРцх№ИЈ,O
15,­ЪЊ▓,O
15,0902660722,O
15,­ЪЊ▓,O
15,092846060,O
15,­ЪЈи,O
15,2000рЅЦрѕГ,B-PRICE
15,рІФрѕЅрЅарЅх,O
15,рІхрѕерѕх,O
15,рЅарЇѕрѕѕрїЅрЅх,O
15,рЇЇрїЦріљрЅх,O
15,­ЪџЏ,O
15,рЅаріљрЇЃ,O
15,ріЦріЊрІ░рѕГрѕ│рѕѕріЋ­ЪџЏ,O
15,#ZemenExpress,O
16,DELL,O
16,XPS,O
16,2,O
16,in,O
16,1,O
16,­ЪїЪ,O
16,DELL,O
16,XPS,O
16,9365,O
16,РГљ№ИЈ,O
16,Core,O
16,i7,O
16,7th,O
16,Generation,O
16,Model,O
16,:,O
16,xps,O
16,Condition:,O
16,99%,O
16,new,O
16,­Ъћ┤GRAPHICS:intel,O
16,hd,O
16,graphics,O
16,­Ъћ┤Screen,O
16,:13.3,O
16,inch,O
16,FHD,O
16,touch,O
16,screen,O
16,­Ъћ┤Storage,O
16,:,O
16,256gb,O
16,ssd,O
16,­Ъћ┤Ram,O
16,:,O
16,16gb,O
16,DDR4,O
16,­Ъћ┤,O
16,10hours!!!,O
16,battery,O
16,life,O
16,­ЪЎі­ЪЎі,O
16,РГљ№ИЈwhite,O
16,keyboard,O
16,backlit,O
16,РГљ№ИЈslim,O
16,&,O
16,lightweight,O
16,Price,O
16,49000,O
16,birr,O
16,we,O
16,have,O
16,only,O
16,3pieces,O
16,Detail,O
16,info,O
16,read,O
16,next,O
16,page­ЪЉЄ,O
16,Check,O
16,it,O
16,on,O
16,our,O
16,website­ЪЉЄ,O
16,https://nevacomputer.com/product.php?idd=389,O
16,РЮЌ№ИЈDownload,O
16,here,O
16,Neva,O
16,computer,O
16,application,O
16,for,O
16,android,O
16,phone­ЪЉЄ,O
16,http://nevacomputer.com/nevacomputer.apk,O
16,+251912759900,O
16,+251920153333,O
16,­ЪЊЕ,O
16,@rasneva,O
16,рЅа,O
16,рЅ┤рѕїрїЇрѕФрѕЮ,O
16,рІФріЊрїЇрѕЕріЋ,O
16,ріарІхрѕФрѕ╗,O
16,:,O
16,-,O
16,рѕўрїѕріЊріЏ,B-LOC
16,рѕЏрѕФрЅХріЋ,O
16,рІе,O
16,рїѕрЅарІФ,O
16,рѕЏріЦріерѕЇ,O
16,рЅа,O
16,рІІріЊрІЇ,O
16,рѕўрїЇрЅбрІФ,O
16,рѕўрѕгрЅх,O
16,рѕІрІГ,O
16,17,O
16,рЅЂрїЦрѕГ,O
16,ріљрЅФ,O
16,рі«рѕЮрЇњрІЇрЅ░рѕГрѕх!,O
16,рЅ╗ріЊрѕІрЅйріЋріЋ,O
16,рІГрЅђрѕІрЅђрѕЅ,O
16,ріарІ│рІ▓рѕх,O
16,рѕІрЇЋрЅХрЇЋрЅйріЋ,O
16,рѕѕрѕЏрїЇріўрЅх­ЪЉЄ,O
16,https://t.me/joinchat/AAAAAEc_xHbLxbP0tv4A2w,O
17,NEW,O
17,ARRIVAL,O
17,ріЦріЋрІ│рІФрѕўрѕЇрїарІј­ЪЉЄ,O
17,Hp,O
17,РГљ№ИЈ,O
17,intel┬«,O
17,ryzen,O
17,3,O
17,ultra,O
17,slim,O
17,Condition:,O
17,brand,O
17,new,O
17,­Ъњјgraphics:,O
17,2gb,O
17,radeon,O
17,graphics,O
17,­ЪЊ╝,O
17,Storage,O
17,:,O
17,1tb,O
17,hdd,O
17,РЈ│Ram,O
17,:,O
17,8GB,O
17,DDR4,O
17,РЮц№ИЈ,O
17,Inch:,O
17,"14""",O
17,­ЪћІ:,O
17,5hours,O
17,++,O
17,battery,O
17,life,O
17,Check,O
17,it,O
17,out,O
17,on,O
17,our,O
17,website,O
17,­ЪЉЄ,O
17,https://www.nevacomputer.com/product.php?idd=642,O
17,­ЪЊЕ,O
17,@rasneva,O
17,рѕѕріарїГрѕГ,O
17,рѕўрѕЇріЦріГрЅх,O
17,РЮЌ№ИЈDownload,O
17,here,O
17,Neva,O
17,computer,O
17,application,O
17,for,O
17,android,O
17,phone­ЪЉЄ,O
17,http://nevacomputer.com/nevacomputer.apk,O
17,+251912759900,O
17,+251920153333,O
17,ріарІхрѕФрѕ╗,O
17,:,O
17,-,O
17,рѕўрїѕріЊріЏ,B-LOC
17,рѕЏрѕФрЅХріЋ,O
17,рІе,O
17,рїѕрЅарІФ,O
17,рѕЏріЦріерѕЇ,O
17,рЅа,O
17,рІІріЊрІЇ,O
17,рѕўрїЇрЅбрІФ,O
17,рѕўрѕгрЅх,O
17,рѕІрІГ,O
17,рІѕрІГріЋрѕЮ,O
17,рїЇрѕФрІЇріЋрІх,O
17,рЇЇрѕјрѕГ,O
17,рЅЦрЅЁ,O
17,рІГрЅарѕЅ,O
17,ріљрЅФ,O
17,рі«рѕЮрЇњрІЇрЅ░рѕГ,O
17,рѕўрѕєріЉріЋ,O
17,рІФрѕерїІрїЇрїА,O
17,ріљрЅФ,O
17,рі«рѕЮрЇњрІЇрЅ░рѕГ,O
17,рІхрѕЁрѕе,O
17,рїѕрї╗рЅйріЋріЋ,O
17,рІГрїјрЅЦріЎ,O
17,www.nevacomputer.com,O
17,рЅ┤рѕїрїЇрѕФрѕЮ,O
17,рЅ╗ріЊрѕІрЅйріЋріЋ,O
17,рІГрЅђрѕІрЅђрѕЅ,O
17,https://t.me/nevacomputer,O
17,https://www.tiktok.com/@nevacomputer,O
18,рѕѕрѕЇрїєрЅй,O
18,рѕЮрЅЙрЅх,O
18,рІерѕџрѕ░рїЦ,O
18,рЅ░рѕѕрїБрїГ,O
18,ріЦріЋрІ▓рѕЂрѕЮ,O
18,ріЦрѕГрїЦрЅарЅхріЋ,O
18,ріарѕЮрЅє,O
18,рІерѕџрІГрІЮ,O
18,рѕ▒рЇљрѕГ,O
18,рЅцрЅб,O
18,рІ│рІГрЇљрѕГ,O
18,рѕѕрѕЏрІўрІЮ,O
18,0974312223,O
18,рІГрІ░рІЇрѕЅ,O
18,рІѕрІГрѕЮ,O
18,https://t.me/helloo_market_bot?start=093410010,O
18,рІГрїарЅђрѕЎ!,O
18,#Madeinethiopia,O
18,#Kids,O
18,#PersonalCare,O
18,#Ethiopian,O
18,#Marketplace,O
18,#BuyEthiopia,O
19,Nike,O
19,React,O
19,#LZY,O
19,Made,O
19,in,O
19,Vietnam,O
19,Price,O
19,1250,O
19,birr,O
19,­ЪЈбріарІхрѕФрѕ╗-рѕюріГрѕ▓рі«,B-LOC
19,рі«рѕюрѕГрѕх,I-LOC
19,рїђрѕГрЅБ,I-LOC
19,рѕўрІџрІх,I-LOC
19,рЇЋрѕІрІЏ,I-LOC
19,ріаріЋрІ░ріЏ,O
19,рІ░рѕерїЃ,O
19,ріЦріЋрІ░рІѕрїА,O
19,рІФрїѕріЎріЊрѕЇ,O
19,or,O
19,call,O
19,0920238243,O
20,­Ъј»,O
20,One,O
20,Step,O
20,Hair,O
20,Dryer,O
20,&,O
20,Styler,O
20,­Ъћ░,O
20,ріерѕГрѕЇ,O
20,рѕѕрѕўрѕхрѕФрЅх,O
20,­Ъћ░,O
20,рѕѕрѕЏрѕѕрѕхрѕѕрѕх,O
20,­Ъћ░,O
20,ріЦріЋрІ▓рѕЂрѕЮ,O
20,рѕѕрѕЏрІхрѕерЅЁ,O
20,рІерѕџрІФрїѕрѕѕрїЇрѕЇ,O
20,рѕѕрібрЅхрІ«рїхрІФрІЇрІФріЋ,O
20,рЇђрїЅрѕГ,O
20,рЅ░рѕхрѕЏрѕџ,O
20,­Ъћ░,O
20,рІерѕЎрЅђрЅх,O
20,рѕўрЅєрїБрїарѕфрІФ,O
20,рѕхрѕІрѕѕрІЇ,O
20,рѕѕріарїарЅЃрЅђрѕЮ,O
20,рѕЮрЅ╣,O
20,рІІрїІрЇд,O
20,­Ъњ░­ЪЈи,O
20,1500,O
20,рЅЦрѕГРюЁРюЁ,B-PRICE
20,­ЪЇђ,O
20,РЎд№ИЈрІЇрѕхріЋ,O
20,рЇЇрѕг,O
20,ріљрІЇ,O
20,рІФрѕѕрІЇ,O
20,­Ъўђ­Ъўђ­Ъўђ,O
20,­ЪЈб,O
20,ріарІхрѕФрѕ╗­ЪЉЅ,O
20,­ЪЊЇрЅЂ.1№ИЈРЃБРЎд№ИЈрѕўрїѕріЊріЏ,O
20,рѕўрѕ░рѕерЅх,O
20,рІ░рЇІрѕГ,O
20,рѕърѕЇ,O
20,рѕЂрѕѕрЅ░ріЏ,O
20,рЇјрЅЁ,O
20,рЅбрѕ«,O
20,рЅЂ.,O
20,S05/S06,O
20,­ЪЊЇ,O
20,рЅЂ.2№ИЈРЃБРЎд№ИЈрЇњрІФрѕ│,O
20,рїірІ«рѕГрїірѕх,O
20,ріарІ░рЅБрЅБрІГ,O
20,рѕФрѕўрЅх_рЅ│рЅдрѕГ_рідрІ│_рѕЁріЋрЇЃ,O
20,1ріЏ,O
20,рЇјрЅЁ,O
20,рѕ▒рЅЁ,O
20,рЅЂ.,O
20,G1,O
20,-107,O
20,­ЪњД­ЪњД­ЪњД­ЪњД,O
20,­ЪЊ▓,O
20,0902660722,O
20,­ЪЊ▓,O
20,0928460606,O
20,­Ъћќ,O
20,­Ъњг,O
20,рЅаTelegram,O
20,рѕѕрѕЏрІўрІЮ,O
20,Рцх№ИЈ,O
20,рІГрїарЅђрѕЎ,O
20,@zemencallcenter,O
20,@zemenexpressadmin,O
20,рѕѕрЅ░рїерѕЏрѕф,O
20,рѕЏрЅЦрѕФрѕфрІФ,O
20,рІерЅ┤рѕїрїЇрѕФрѕЮ,O
20,рїѕрЇЃрЅйріЋРцх№ИЈ,O
20,https://telegram.me/zemenexpress,O
21,­Ъћа­Ъћа­Ъћа­Ъћа,O
21,­Ъћа­Ъћа­Ъћа,O
21,­ЪД│рѕЮрѕГрїЦ,O
21,рІерЅ░рѕЏрѕф,O
21,рЅдрѕГрѕ│рІјрЅйріЋ,O
21,ріарѕхрѕўрїЦрЅ░ріЊрѕЇ,O
21,рЅарЅ░рѕѕрІФрІЕ,O
21,рІеріерѕѕрѕГ,O
21,ріарѕЏрѕФрїГ,O
21,ріЦріЊ,O
21,рЅЦрѕФріЋрІХрЅй,O
21,Рюћ№ИЈріеріљрЇЃ,O
21,рІ▓рѕірЅерѕф,O
21,рїІрѕГРгЄ№ИЈ,O
21,0933334444,O
21,@LeMazez_z,O
21,0944109295,O
21,@Lemaze_z,O
21,0946242424,O
21,@Le_Mazez,O
21,#ріГрЇЇрІФрІјріЋ_рЅарѕърЅБрІГрѕЇ_рЅБріЋріфріЋрїЇ_рѕўрЇѕрЇђрѕЮрѕЮ_рІГрЅйрѕІрѕЅ,O
21,рЅарЅ░рїерѕЏрѕф,O
21,#ріе_1000_рЅЦрѕГ,B-PRICE
21,рЅарѕІрІГ,O
21,рІерѕєріЉ,O
21,#рѕЂрѕѕрЅх_рІЋрЅЃрІјрЅй,O
21,рѕ▓рїѕрІЎ,O
21,рѕхрїдрЅ│,B-Product
21,ріЦріЋрѕЇріГрѕѕрІјрЅ│рѕѕріЋ,O
21,­ЪЏЇ,O
21,­ЪјЂ,O
21,T.me/Leyueqa,O
21,РџА№ИЈРџА№ИЈрЅ╗ріЊрѕІрЅйріЋріЋ,O
21,рѕѕрїЊрІ░ріЏрІј,O
21,рѕИрѕГ,O
21,рѕЏрІхрѕерїЇрІјріЋ,O
21,ріарІГрѕГрѕ▒,O
22,Baby,O
22,potty,O
22,рЅарЅБрЅхрѕф,O
22,рІерѕџрѕ░рѕФ,O
22,рІхрѕЮрЇЁ,O
22,рІФрѕѕрІЇ,O
22,рІерѕЇрїєрЅй,O
22,рЇќрЇќ,O
22,899,B-PRICE
22,рЅЦрѕГ,I-PRICE
22,0905707448,O
22,0945097042,O
22,t.me/sinayelj,O
23,­ЪњЦ­ЪњЦ...................................­ЪњЦ­ЪњЦ,O
23,­ЪЊї3,O
23,Airtight,O
23,Square,O
23,Timing,O
23,Keeping,O
23,Fresh,O
23,Refrigerator,O
23,Food,O
23,Storage,O
23,Box,O
23,­ЪЉЇ,O
23,рїЦрѕФрЅх,O
23,рІФрѕѕрІЇ,O
23,рѕЏрЅ┤рѕфрІФрѕЇ,O
23,­ЪЉЇрІерѕФрѕ▒,O
23,ріарІерѕГ,O
23,рѕЏрѕхрЅ░ріЋрЇѕрѕ╗,O
23,рІФрѕѕрІЇ,O
23,­ЪЉЇрІерЇЇрѕфрїЁ,O
23,рЅєрІГрЅ│рІЇріЋ,O
23,рІерѕЮріЋрЅєрїБрїарѕГрЅарЅх,O
23,рЅђріЋ,O
23,рѕўрѕўрІЮрїѕрЅбрІФ,O
23,рІФрѕѕрІЇ,O
23,­ЪЉЇ3,O
23,рІерЅ░рѕѕрІФрІе,O
23,рѕ│рІГрІЮ,O
23,ріаріЋрІх,O
23,рѕІрІГ,O
23,рІерІФрІў,O
23,рІІрїІрЇд,O
23,­Ъњх­ЪЈи,O
23,2700,B-PRICE
23,рЅЦрѕГ,I-PRICE
23,РЎд№ИЈрІЇрѕхріЋ,O
23,рЇЇрѕг,O
23,ріљрІЇ,O
23,рІФрѕѕрІЇ,O
23,­ЪћЦ­ЪћЦ­ЪћЦ,O
23,­ЪЈб,O
23,ріарІхрѕФрѕ╗­ЪЉЅ,O
23,­ЪЊЇрЅЂ.1№ИЈРЃБРЎд№ИЈрѕўрїѕріЊріЏ,O
23,рѕўрѕ░рѕерЅх,O
23,рІ░рЇІрѕГ,O
23,рѕърѕЇ,O
23,рѕЂрѕѕрЅ░ріЏ,O
23,рЇјрЅЁ,O
23,рЅбрѕ«,O
23,рЅЂ.,O
23,S05/S06,O
23,­ЪЊЇ,O
23,рЅЂ.2№ИЈРЃБРЎд№ИЈрЇњрІФрѕ│,O
23,рїірІ«рѕГрїірѕх,O
23,ріарІ░рЅБрЅБрІГ,O
23,рѕФрѕўрЅх_рЅ│рЅдрѕГ_рідрІ│_рѕЁріЋрЇЃ,O
23,1ріЏ,O
23,рЇјрЅЁ,O
23,рѕ▒рЅЁ,O
23,рЅЂ.,O
23,G1,O
23,-107,O
23,­ЪњД­ЪњД­ЪњД­ЪњД,O
23,­ЪЊ▓,O
23,0902660722,O
23,­ЪЊ▓,O
23,0928460606,O
23,РъА№ИЈ,O
23,­Ъћ┤рЇњрІФрѕ│,O
23,рЅЁрѕГріЋрїФрЇЇ,O
23,0941337070,O
23,­Ъћќ,O
23,­ЪњгрЅаTelegram,O
23,рѕѕрѕЏрІўрІЮ,O
23,Рцх№ИЈ,O
23,рІГрїарЅђрѕЎ­Ъћй,O
23,@zemencallcenter,O
23,@zemenexpressadmin,O
23,рѕѕрЅ░рїерѕЏрѕф,O
23,рѕЏрЅЦрѕФрѕфрІФ,O
23,рІерЅ┤рѕїрїЇрѕФрѕЮ,O
23,рїѕрЇЃрЅйріЋРцх№ИЈ,O
23,https://telegram.me/zemenexpress,O
23,­ЪњЦ­ЪњЦ...................................­ЪњЦ­ЪњЦ,O
24,­ЪњЦрЅБрѕѕ,O
24,4,O
24,рІ░рѕерїЃ,O
24,рІерЇЇрѕЕрЅх,O
24,рѕЏрїарЅбрІФ,O
24,рѕЏрѕхрЅђрѕўрїФ,O
24,­ЪЉЅрЇЇрѕфрїЁ,O
24,рІЇрѕхрїЦ,O
24,рІерЅ░рѕѕрІФрІ«,O
24,рЇЇрѕФрЇЇрѕгрІјрЅйріЋ,O
24,рѕѕрѕЏрѕхрЅђрѕўрїЦ,O
24,­ЪЉЅрѕѕрїЦрѕФрїЦрѕг,O
24,рѕЏрѕхрЅђрѕўрїФ,O
24,­ЪЉЅрЇЇрѕФрЇЇрѕгрІјрЅйріЋ,O
24,рѕѕрѕЏрїарЅЦ,O
24,рѕЮрЅ╣,O
24,рїЦрѕФрЅх,O
24,рІФрѕѕрІЇ,O
24,ріЦрЅЃ,O
24,рЅарЅ░рѕўрїБрїБріЮ,O
24,рІІрїІ,O
24,рІІрїІ,O
24,1900,B-PRICE
24,РюЁ,O
24,ріерЇѕрїБріЋ,O
24,ріЦріЊ,O
24,ріеріљрЇЃ,O
24,рІ▓рѕірЅерѕф,O
24,рїІрѕГ,O
24,­ЪџЌрІФрѕЅрЅарЅх,O
24,рЅдрЅ│,O
24,рІхрѕерѕх,O
24,рЅаріљрї╗,O
24,ріЦріЊрІ░рѕГрѕ│рѕѕріЋ,O
24,(Free,O
24,Delivery)РГЋ№ИЈ2рІЋрЅЃ,O
24,ріе1,O
24,рѕ║,B-PRICE
24,рЅЦрѕГ,I-PRICE
24,рЅарѕІрІГ,O
24,рІерѕџрЅ░рѕўріЉ,O
24,рІЋрЅЃрІјрЅй,O
24,рѕ▓рїѕрІЎ,O
24,рѕхрїдрЅ│­Ъјђ,O
24,ріарІўрїІрїЁрЅ░ріЊрѕЇ,O
24,­ЪЊї­ЪЊї­ЪЊїріарІхрѕФрѕ╗­ЪЉђ,O
24,РГЋ№ИЈрЅЂрїЦрѕГ,O
24,1,O
24,рѕЇрІ░рЅ│,O
24,рІѕрІ░,O
24,рЅБрѕЇрЅ╗,O
24,рѕєрѕхрЇњрЅ│рѕЇ,O
24,рїѕрЅБ,O
24,рЅЦрѕј,O
24,ріарѕЁрѕўрІх,O
24,рѕЁріЋрЇЃ,O
24,рѕІрІГ,O
24,1ріЏрЇјрЅЁ,O
24,105B,O
24,РГЋ№ИЈрЅЂрїЦрѕГ,O
24,2,O
24,__,O
24,22,O
24,ріарІЇрѕФрѕфрѕх,O
24,рѕєрЅ┤рѕЇ,O
24,ріарїарїѕрЅЦ,O
24,рЅарЇђрїІ,O
24,рѕЁріЋрЇЃ,O
24,3ріЏ,O
24,рЇј,O
24,рЅЁ,O
24,ріе,O
24,рѕірЇЇрЅ▒,O
24,рЅа,O
24,рїЇрѕФ,O
24,рІерѕ▒рЅЁ,O
24,рЅЂрїЦрѕГ­ЪЉї,O
24,C10,O
24,рІГрІ░рІЅрѕЅрѕЇріЋ­ЪЉє,O
24,0933334444,O
24,@LeMazez_z,O
24,0944109295,O
24,@Lemaze_z,O
24,0946242424,O
24,@Le_Mazez,O
25,Lenovo,O
25,Intel┬«,O
25,CoreРёб,O
25,i5,O
25,clock,O
25,speed,O
25,:,O
25,2.7Ghz!!!!,O
25,storage,O
25,рЇА,O
25,1tb,O
25,RAM,O
25,рЇА,O
25,8gb,O
25,Graphics,O
25,рЇА,O
25,2gb,O
25,nividiagforce,O
25,Generation,O
25,рЇА7th,O
25,Inch,O
25,рЇА,O
25,14,O
25,Status,O
25,рЇАbrand,O
25,new,O
25,Price:,O
25,24000birr,O
25,Рўј№ИЈ,O
25,+251912759900,O
25,@nevalaptop,O
25,рІГрѕѕрІФрѕЇ,O
26,Run,O
26,max,O
26,Size,O
26,"39,40,41,42,43,44",O
26,Price,O
26,2500,O
26,birr,O
26,­ЪЈбріарІхрѕФрѕ╗-рѕюріГрѕ▓рі«,B-LOC
26,рі«рѕюрѕГрѕх,I-LOC
26,рїђрѕГрЅБ,I-LOC
26,рѕўрІџрІх,I-LOC
26,рЇЋрѕІрІЏ,I-LOC
26,ріаріЋрІ░ріЏ,O
26,рІ░рѕерїЃ,O
26,ріЦріЋрІ░рІѕрїА,O
26,рІФрїѕріЎріЊрѕЇ,O
26,or,O
26,call,O
26,0920238243,O
27,Out,O
27,of,O
27,stock,O
28,­ЪњЦ­ЪњЦ....................................­ЪњЦ­ЪњЦ,O
28,­ЪЊїHair,O
28,Scalp,O
28,Massager,O
28,Рџа№ИЈSilicone,O
28,Bristles,O
28,рІІрїІрЇд,O
28,­Ъњх­ЪЈи,O
28,250,B-PRICE
28,рЅЦрѕГ,I-PRICE
28,РЎд№ИЈрІЇрѕхріЋ,O
28,рЇЇрѕг,O
28,ріљрІЇ,O
28,рІФрѕѕрІЇ,O
28,­ЪћЦ­ЪћЦ­ЪћЦ,O
28,­ЪЈб,O
28,ріарІхрѕФрѕ╗­ЪЉЅ,O
28,­ЪЊЇРЎд№ИЈ#рѕўрїѕріЊріЏ_рѕўрѕ░рѕерЅх_рІ░рЇІрѕГ_рѕърѕЇ_рѕЂрѕѕрЅ░ріЏ_рЇјрЅЁ,O
28,рЅбрѕ«,O
28,рЅЂ.,O
28,S05/S06,O
28,­ЪњД­ЪњД­ЪњД­ЪњД,O
28,­ЪЊ▓,O
28,0902660722,O
28,­ЪЊ▓,O
28,0928460606,O
28,­Ъћќ,O
28,­ЪњгрЅаTelegram,O
28,рѕѕрѕЏрІўрІЮ,O
28,Рцх№ИЈ,O
28,рІГрїарЅђрѕЎ­Ъћй,O
28,@zemencallcenter,O
28,@zemenexpressadmin,O
28,рѕѕрЅ░рїерѕЏрѕф,O
28,рѕЏрЅЦрѕФрѕфрІФ,O
28,рІерЅ┤рѕїрїЇрѕФрѕЮ,O
28,рїѕрЇЃрЅйріЋРцх№ИЈ,O
28,https://telegram.me/zemenexpress,O
28,­ЪњЦ­ЪњЦ...................................­ЪњЦ­ЪњЦ,O
29,Adidas,O
29,SAMBAROSE,O
29,Size,O
29,-,O
29,"40,41,42,43",O
29,Price,O
29,3300,O
29,birr,O
29,­ЪЈбріарІхрѕФрѕ╗-рѕюріГрѕ▓рі«,B-LOC
29,рі«рѕюрѕГрѕх,I-LOC
29,рїђрѕГрЅБ,I-LOC
29,рѕўрІџрІх,I-LOC
29,рЇЋрѕІрІЏ,I-LOC
29,ріаріЋрІ░ріЏ,O
29,рІ░рѕерїЃ,O
29,ріЦріЋрІ░рІѕрїА,O
29,рІФрїѕріЎріЊрѕЇ,O
29,or,O
29,call,O
29,0920238243,O
30,рІўрѕўріЊрІі,O
30,ріарІ▓рѕх,B-LOC
30,#рІерЇђрїЅрѕГ_рѕўрЅ░рі«рѕ╗,O
30,рЅаріцрѕїріГрЅхрѕфріГ,O
30,рІерѕџрѕ░рѕФ,O
30,РюЁрі«рІх-01,O
30,­ЪЉЅрѕїрѕІ,O
30,рѕ░рІЅ,O
30,рѕ│рІФрѕхрЇѕрѕЇрїЇрІј,O
30,рѕФрѕхрІј,O
30,рЇђрїЅрѕГрІјріЋ,O
30,рЅарѕЏрЅарїарѕГ,O
30,рЅЦрЅ╗,O
30,рІерѕџрЅ░ріЕрѕ▒рЅарЅх,O
30,ріарІ▓рѕх,B-LOC
30,рѕЏрЅарїарѕфрІФ,B-Product
30,рЇћрѕхрЅхрѕФ,B-Product
30,­ЪЉЅрѕЮріЋрѕЮ,O
30,ріарІГріљрЅх,O
30,рІхрѕЮрЇЁ,O
30,рІерѕїрѕѕрІЅ,O
30,­ЪЉЅрЇђрїЅрѕГ,O
30,рІерѕЏрІГрїјрІ│,O
30,ріарѕхрЅ░рѕЏрѕЏріЮ,O
30,­ЪЉЅрѕхрЅхрѕгрЅх,O
30,ріЦріЊ,O
30,ріерѕГрѕЇ,O
30,рІерѕџрѕ░рѕФ,O
30,рІЋрЅЃ,O
30,­ЪЉЅрїЇрІюрІјріЋ,O
30,рІерѕџрЅєрїЦрЅЦрЇБ,O
30,рІерѕЏрІФрІ░ріГрѕЮ,O
30,РюЁрЅа,O
30,1400,B-PRICE
30,рЅЦрѕГ,I-PRICE
30,рІГрІЅрѕ░рІ▒,O
30,ріе,O
30,1,O
30,ріарѕўрЅх,O
30,рІІрѕхрЅхріЊ,O
30,­ЪЉЅріеріљрЇЃ,O
30,рІ▓рѕірЅерѕф,O
30,рїІрѕГ,O
30,#ріГрЇЇрІФрІјріЋ_рЅарѕърЅБрІГрѕЇ_рЅБріЋріфріЋрїЇ_рѕўрЇѕрЇђрѕЮрѕЮ_рІГрЅйрѕІрѕЅ,O
30,рЅарЅ░рїерѕЏрѕф,O
30,#ріе_1000_рЅЦрѕГ,B-PRICE
30,рЅарѕІрІГ,O
30,рІерѕєріЉ,O
30,#рѕЂрѕѕрЅх_рІЋрЅЃрІјрЅй,O
30,рѕ▓рїѕрІЎ,O
30,рѕхрїдрЅ│,B-Product
30,ріЦріЋрѕЇріГрѕѕрІјрЅ│рѕѕріЋ,O
30,­ЪјЂ,O
30,T.me/Leyueqa,O
30,­ЪЉѕрЅ╗ріЊрѕІрЅйріЋріЋ,O
30,рѕѕрїЊрІ░ріЏрІј,O
30,рѕИрѕГ,O
30,рѕЏрІхрѕерїЇрІјріЋ,O
30,ріарІГрѕГрѕ▒,O
30,0933334444,O
30,@LeMazez_z,O
30,0944109295,O
30,@Lemaze_z,O
30,0946242424,O
30,@Le_Mazez,O
31,рѕѕрІЇрІх,O
31,рѕЇрїєрІј,O
31,#рѕхрїдрЅ│,O
31,ріерѕўріљрѕ╗рІг,O
31,рІерѕЇрїєрЅй,O
31,рѕўріфріЊ,B-Product
31,рЅарЅ░рѕѕрІФрІе,O
31,ріарІГріљрЅх,O
31,ріарѕЏрѕФрїГ,O
31,рѕѕрѕЇрїєрЅйрІј,O
31,рІерЅђрѕерЅА,O
31,рѕЏріЌрѕЇ,O
31,рЅ░рѕйріерѕГріФрѕфрІјрЅй,O
31,ріерѕўріљрѕ╗рІг!,O
31,­ЪЉЅрѕЇрїєрЅй,O
31,рЅаріЦрїЇрѕФрЅИрІЇ,O
31,ріЦріЋрЅЁрѕхрЅЃрѕ┤ріЋ,O
31,ріЦріЋрІ▓рІФрІ░рѕГрїЅ,O
31,рІерѕџрІФрїЇрІЎ,O
31,­ЪЉЅрЅа,O
31,#BMW,B-Product
31,рЇБ,O
31,#рЅарЇїрѕФрѕфріЊ,B-Product
31,#рЅарЇќрѕГрѕй,B-Product
31,ріФрѕЮрЇЊріњрІјрЅй,O
31,ріЦрІЇрЅЁріЊ,O
31,рІерЅ░рѕ░рїБрЅИрІЇ,O
31,­ЪЉЅрѕЮріЋрѕЮ,O
31,ріарІГріљрЅх,O
31,рЅБрЅхрѕфріЊ,O
31,ріцрѕїріГрЅхрѕфріГ,O
31,рІерѕЏрІГрЇѕрѕЇрїЅ,O
31,­ЪЉЅрІерѕЇрїєрЅйріЋ,O
31,рІеріаріФрѕЇ,O
31,рїЦріЋріФрѕг,O
31,рІерѕџрІФрІ│рЅЦрѕЕ,O
31,­ЪЉЅрЅарїЦрѕФрЅх,O
31,рІерЅ░рѕўрѕерЅ▒ріЊ,O
31,рѕѕрѕерІЦрѕЮ,O
31,рїірІю,O
31,рІерѕџрІФрїѕрѕѕрїЇрѕЅ,O
31,ріарІхрѕФрѕ╗рЇд,O
31,­ЪЊЇрїЅрѕГрІх,B-LOC
31,рѕЙрѕІ,I-LOC
31,рѕєрѕі,I-LOC
31,рѕ▓рЅ▓,I-LOC
31,рѕ┤ріЋрЅ░рѕГ,I-LOC
31,3ріЏ,I-LOC
31,рЇјрЅЁ,I-LOC
31,рІГрѕЮрїА,O
31,рЅарѕўріљрѕ╗рІг,O
31,рІерѕЇрїЁрІјріЋ,O
31,рѕўріљрѕ╗,O
31,рІФрЅЁрѕЇрѕЅ!,O
31,рІГрІ░рІЇрѕЅ,O
31,0989939393,O
31,рІѕрІГрѕЮ,O
31,0930323334,O
31,Telegram,O
31,>,O
31,http://t.me/meneshayeofficial,O
31,Tiktok,O
31,>,O
31,http://tiktok.com/@meneshayeofficial,O
31,Facebook,O
31,>,O
31,http://facebook.com/@meneshayeofficial,O
31,#gift,O
31,#discount,O
31,#chrismasgift,O
31,#manualcar,O
31,#BMW,B-Product
31,#ferrari,O
31,#,O
31,car,O
31,#Daycare,O
31,#quality,O
31,#рѕЇрїєрЅй,O
31,#gift,O
31,#entertain,O
31,#toy,O
31,#kid,O
31,#store,O
31,#educationaltoys,O
31,#meneshaye,O
31,#meneshayestore,O
32,baby,O
32,stroller,O
32,рЅарїБрѕЮ,O
32,рѕЮрЅ╣,O
32,ріерЅдрЅ│,O
32,рЅдрЅ│,O
32,рІГрІъ,O
32,рѕѕрѕўріЋрЅђрѕ│рЅђрѕх,O
32,рЅарїБрѕЮ,O
32,рѕЮрЅ╣,O
32,рЅђрѕѕрѕЇ,O
32,рІФрѕѕ,O
32,рЅ░рїБрїЦрЇј,O
32,рѕўрЅђрѕўрїЦ,O
32,рІерѕџрЅйрѕЇ,O
32,рІІрїІ,O
32,11000рЅЦрѕГ,B-PRICE
32,Free,O
32,delivery,O
32,0909003864,O
32,0905707448,O
32,baby,O
32,stroller,O
32,рЅарїБрѕЮ,O
32,рѕЮрЅ╣,O
32,рѕўрѕўрїѕрЅбрІФрѕЮ,O
32,рѕўрѕєріЋ,O
32,рІерѕџрЅйрѕЇ,O
32,ріерЅдрЅ│,O
32,рЅдрЅ│,O
32,рІГрІъ,O
32,рѕѕрѕўріЋрЅђрѕ│рЅђрѕх,O
32,рЅарїБрѕЮ,O
32,рѕЮрЅ╣,O
32,рЅђрѕѕрѕЇ,O
32,рІФрѕѕ,O
32,рЅ░рїБрїЦрЇј,O
32,рѕўрЅђрѕўрїЦ,O
32,рІерѕџрЅйрѕЇ,O
32,рІІрїІ,O
32,11000рЅЦрѕГ,B-PRICE
32,Free,O
32,delivery,O
32,0909003864,O
32,0905707448,O
32,рѕіріЋріЕріЋ,O
32,рЅарѕўрїФріЋ,O
32,рЅ┤рѕїрїЇрѕФрѕЏрЅйріЋріЋ,O
32,рІГрЅђрѕІрЅђрѕЅhttps://t.me/sinayelj,O
32,ріЦрЅЃ,O
32,рѕѕрѕЏрІўрІЮ,O
32,ріерѕхрѕГ,O
32,рІФрѕѕрІЇріЋ,O
32,рѕіріЋрі«рЅй,O
32,рЅарѕўрїФріЋ,O
32,рѕЏрІўрІЮ,O
32,рЅхрЅйрѕІрѕІрЅ╣,O
32,@sinasinaye,O
32,https://t.me/sinayelj2,O
32,ріарІхрѕФрѕ╗,O
32,1№ИЈРЃБрЅЂрїЦрѕГ1,O
32,рїѕрѕГрїѓ,B-LOC
32,рібрѕЮрЇћрѕфрІФрѕЇ,I-LOC
32,ріерѕ│рѕџ,I-LOC
32,рѕЁріЋрЇЃ,I-LOC
32,рїјріЋ,I-LOC
32,ріарѕЇрЇјрІЮ,I-LOC
32,рЇЋрѕІрІЏ,I-LOC
32,рїЇрѕФрІЇріЋрІх,I-LOC
32,рѕІрІГ,O
32,ріЦріЋрІ░рїѕрЅА,O
32,рІФрїѕріЎріЊрѕЇ,O
32,2№ИЈРЃБрЅЂрїЦрѕГ2,O
32,4ріфрѕј,B-LOC
32,рЅЁрІхрѕхрЅх,I-LOC
32,рѕхрѕІрѕ┤,I-LOC
32,рѕЁріЋрЇЃ,I-LOC
32,рѕЏрѕѕрЅхрѕЮ,O
32,ріерЅЦрѕЇрЇЁрїЇріЊ,O
32,рІІріЊрЇЁрЇѕрЅх,O
32,рЅцрЅх,O
32,рѕЁріЋрЇЃ,O
32,рЅарѕхрЅ░,O
32,рЅђріЮ,O
32,рЅБрѕѕрІЇ,O
32,ріарѕхрЇЊрѕЇрЅх,O
32,20рѕюрЅхрѕГ,O
32,рІЮрЅЁ,O
32,ріЦріЋрІ│рѕЅ,O
32,рѕђрЅарѕ╗,O
32,рі«рЇі,O
32,рІерѕџрїѕріЮрЅарЅх,O
32,рЅђрІГ,O
32,рѕИріГрѕІ,O
32,рѕЁріЋрЇЃ,O
32,2рЅ░ріЏ,O
32,рЇјрЅЁ,O
32,рѕІрІГ,O
32,рІФрїѕріЎріЊрѕЇ,O
32,3№ИЈРЃБрЅЂрїЦрѕГ3,O
32,рЅЦрѕхрѕФрЅ░,O
32,рїѕрЅЦрѕГріцрѕЇ,B-PRICE
32,рѕІрЇЇрЅХ,O
32,рѕърѕЇ,O
32,рѕўрїЇрЅбрІФрІЇ,O
32,рЇірЅх,O
32,рѕѕрЇірЅх,O
32,рІерѕџрїѕріўрІЇ,O
32,рІерЅЦрѕхрѕФрЅ░,O
32,рїѕрЅЦрѕГріцрѕЇ,B-PRICE
32,рЅцрЅ░,O
32,ріГрѕГрѕхрЅ▓рІФріЋ,O
32,рѕЁріЋрЇЃ,O
32,ріаріЋрІ░ріЏ,O
32,рЇјрЅЁ,O
32,рѕІрІГ,O
32,рІ░рѕерїЃ,O
32,ріЦріЋрІ░рІѕрїБрЅ╣,O
32,рЅарѕхрЅ░рїЇрѕФ,O
32,рЅаріЕрѕЇ,O
32,рѕ▒рЅЁ,O
32,рЅЂрїЦрѕГ,O
32,FF-09,O
32,ріГрЅАрѕФріЋ,O
32,рІ░рѕЮрЅаріърЅ╗рЅйріЋ,O
32,рїѕрѕГрїѓ,B-LOC
32,ріарѕЇрЇјрІЮ,I-LOC
32,рЇЋрѕІрІЏ,I-LOC
32,рѕІрІГ,O
32,ріарѕФрЅх,O
32,ріфрѕј,O
32,рЅЁрІхрѕхрЅх,O
32,рѕхрѕІрѕ┤,O
32,ріЦріЋрІ▓рѕЂрѕЮ,O
32,рЅЦрѕхрѕФрЅ░,O
32,рїѕрЅЦрѕгрѕЇ,O
32,рІФрѕЅрЅх,O
32,рѕ▒рЅєрЅ╗рЅйріЋ,O
32,рѕ▓рѕўрїА,O
32,ріарѕхрЅ░рѕЏрѕЏріЮ,O
32,рѕ░рЇі,O
32,рЇЊрѕГріфріЋрїЇ,O
32,рІФрѕІрЅИрІЇ,O
32,рѕўрѕєріЊрЅИрІЇріЋ,O
32,рЅарЅ│рѕІрЅЁ,O
32,рІ░рѕхрЅ│,O
32,ріЦріЊрЅарѕхрѕФрѕѕріЋ­ЪЎЈ­ЪЎЈ­ЪЎЈ,O
33,NIKE,O
33,AIR,O
33,FORCE,O
33,1,O
33,size,O
33,36#37#38#39#40,O
33,MADE,O
33,IN,O
33,VIETNAM,O
33,SHEWA,O
33,BRAND,O
33,ріарІхрѕФрѕ╗,O
33,рІхрѕгрІ│рІІ,B-LOC
33,ріарѕИрІІ,I-LOC
33,рѕџріЊ,I-LOC
33,1,O
33,рЇјрЅЁ,O
33,ріЦріЋрїѕріЏрѕѕріЋ,O
33,рѕхрѕЇріГ,B-Product
33,0987336458,O
33,0924209500,O
33,0948595409,O
33,рІерЅцрЅх,O
33,рЅЂрїЦрѕГ,O
33,109,O
33,ріЦріЊ,O
33,110,O
34,рІерѕ┤рЅХрЅй,O
34,рІЇрЅЦ,O
34,ріЦріЊ,O
34,рЅБрѕЏрѕе,O
34,рІ▓рІЏрІГріЋ,O
34,рІерЅ░рѕ░рѕЕ,O
34,рі«рЅХрЅйріЋ,O
34,рЅарЅ░рѕѕрІФрІе,O
34,рІерЅђрѕѕрѕЮ,O
34,ріарѕЏрѕФрїГ,O
34,рѕѕрѕЏрІўрІЮ,O
34,0974312223,O
34,рІГрІ░рІЇрѕЅ,O
34,рІѕрІГрѕЮ,O
34,https://t.me/helloo_market_bot?start=102242,O
34,рІГрїарЅђрѕЎ!,O
34,#Madeinethiopia,O
34,#WomensFashion,O
34,#WomensCloth,O
34,#Ethiopian,O
34,#Marketplace,O
34,#BuyEthiopia,O
35,рЇД,O
35,рЅ░рѕйрїд,O
35,ріарѕЇрЅІрѕЇ,O
35,рЇД,O
35,"""",O
35,Sold,O
35,out,O
35,"""",O
36,Nike,O
36,air,O
36,max,O
36,plus,O
36,Size,O
36,39--43,O
36,MADE,O
36,IN,O
36,VIETNAM,O
36,SHEWA,O
36,BRAND,O
36,tel,O
36,0987336458,O
37,Air,O
37,Jordan,O
37,4,O
37,Size,O
37,"39,40,41,42,43,44,45",O
37,Price,O
37,2900,O
37,birr,O
37,­ЪЈбріарІхрѕФрѕ╗-рѕюріГрѕ▓рі«,B-LOC
37,рі«рѕюрѕГрѕх,I-LOC
37,рїђрѕГрЅБ,I-LOC
37,рѕўрІџрІх,I-LOC
37,рЇЋрѕІрІЏ,I-LOC
37,рІерѕўрїђрѕўрѕфрІФ,O
37,рІ░рѕерїЃ,O
37,ріЦріЋрІ░рІѕрїА,O
37,101,O
37,рІерЅбрѕ«,O
37,рЅЂрїЦрѕГ,O
37,рІФрїѕріЎріЊрѕЇ,O
37,or,O
37,call,O
37,0920238243,O
38,Stuffed,O
38,bunny,O
38,plush,O
38,toy,O
38,1150,O
38,birr,O
38,0909003864,O
38,0905707448,O
38,рѕіріЋріЕріЋ,O
38,рЅарѕўрїФріЋ,O
38,рЅ┤рѕїрїЇрѕФрѕЏрЅйріЋріЋ,O
38,рІГрЅђрѕІрЅђрѕЅhttps://t.me/sinayelj,O
38,ріЦрЅЃ,O
38,рѕѕрѕЏрІўрІЮ,O
38,ріерѕхрѕГ,O
38,рІФрѕѕрІЇріЋ,O
38,рѕіріЋрі«рЅй,O
38,рЅарѕўрїФріЋ,O
38,рѕЏрІўрІЮ,O
38,рЅхрЅйрѕІрѕІрЅ╣,O
38,@sinasinaye,O
38,https://t.me/sinayelj2,O
38,ріарІхрѕФрѕ╗,O
38,1№ИЈРЃБрЅЂрїЦрѕГ1,O
38,рїѕрѕГрїѓ,B-LOC
38,рібрѕЮрЇћрѕфрІФрѕЇ,I-LOC
38,ріерѕ│рѕџ,I-LOC
38,рѕЁріЋрЇЃ,I-LOC
38,рїјріЋ,I-LOC
38,ріарѕЇрЇјрІЮ,I-LOC
38,рЇЋрѕІрІЏ,I-LOC
38,рїЇрѕФрІЇріЋрІх,I-LOC
38,рѕІрІГ,O
38,ріЦріЋрІ░рїѕрЅА,O
38,рІФрїѕріЎріЊрѕЇ,O
38,2№ИЈРЃБрЅЂрїЦрѕГ2,O
38,4ріфрѕј,B-LOC
38,рЅЁрІхрѕхрЅх,I-LOC
38,рѕхрѕІрѕ┤,I-LOC
38,рѕЁріЋрЇЃ,I-LOC
38,рѕЏрѕѕрЅхрѕЮ,O
38,ріерЅЦрѕЇрЇЁрїЇріЊ,O
38,рІІріЊрЇЁрЇѕрЅх,O
38,рЅцрЅх,O
38,рѕЁріЋрЇЃ,O
38,рЅарѕхрЅ░,O
38,рЅђріЮ,O
38,рЅБрѕѕрІЇ,O
38,ріарѕхрЇЊрѕЇрЅх,O
38,20рѕюрЅхрѕГ,O
38,рІЮрЅЁ,O
38,ріЦріЋрІ│рѕЅ,O
38,рѕђрЅарѕ╗,O
38,рі«рЇі,O
38,рІерѕџрїѕріЮрЅарЅх,O
38,рЅђрІГ,O
38,рѕИріГрѕІ,O
38,рѕЁріЋрЇЃ,O
38,2рЅ░ріЏ,O
38,рЇјрЅЁ,O
38,рѕІрІГ,O
38,рІФрїѕріЎріЊрѕЇ,O
38,ріГрЅАрѕФріЋ,O
38,рІ░рѕЮрЅаріърЅ╗рЅйріЋ,O
38,рїѕрѕГрїѓ,B-LOC
38,ріарѕЇрЇјрІЮ,I-LOC
38,рЇЋрѕІрІЏ,I-LOC
38,рѕІрІГ,O
38,ріарѕФрЅх,O
38,ріфрѕј,O
38,рЅЁрІхрѕхрЅх,O
38,рѕхрѕІрѕ┤,O
38,рІФрѕЅрЅх,O
38,рѕ▒рЅєрЅ╗рЅйріЋ,O
38,рѕ▓рѕўрїА,O
38,ріарѕхрЅ░рѕЏрѕЏріЮ,O
38,рѕ░рЇі,O
38,рЇЊрѕГріфріЋрїЇ,O
38,рІФрѕІрЅИрІЇ,O
38,рѕўрѕєріЊрЅИрІЇріЋ,O
38,рЅарЅ│рѕІрЅЁ,O
38,рІ░рѕхрЅ│,O
38,ріЦріЊрЅарѕхрѕФрѕѕріЋ­ЪЎЈ­ЪЎЈ­ЪЎЈ,O
39,ALLSTAR,O
39,CONVERSE,O
39,size,O
39,41#42#43,O
39,MADE,O
39,IN,O
39,VIETNAM,O
39,SHEWA,O
39,BRAND,O
39,ріарІхрѕФрѕ╗,O
39,рІхрѕгрІ│рІІ,B-LOC
39,ріарѕИрІІ,I-LOC
39,рѕџріЊ,I-LOC
39,1,O
39,рЇјрЅЁ,O
39,ріЦріЋрїѕріЏрѕѕріЋ,O
39,рѕхрѕЇріГ,B-Product
39,0987336458,O
39,0924209500,O
39,0948595409,O
39,рІерЅцрЅх,O
39,рЅЂрїЦрѕГ,O
39,109,O
39,ріЦріЊ,O
39,110,O
40,­ЪЊБStainless,O
40,Steel,O
40,Manual,O
40,Noddle,O
40,and,O
40,Pasta,O
40,Maker,O
40,Рюћ№ИЈрѕўріФріњріФрѕЇ,O
40,рЅ┤рѕІрЅ┤рѕі,O
40,рЇќрѕхрЅ│(рѕІрІЏріЏ),O
40,рѕўрѕхрѕфрІФ,O
40,рѕЏрѕйріЋрЇд,O
40,Рюћ№ИЈ,O
40,ріерѕЏрІГрІЮрїЇ,O
40,рЅЦрѕерЅх,O
40,рІерЅ░рѕ░рѕФ,O
40,Рюћ№ИЈ,O
40,рїарѕеріЋрї┤рІЏ,O
40,рѕІрІГ,O
40,рІерѕџрЅ│рѕ░рѕГ,O
40,Рюћ№ИЈ,O
40,рѕірїЦ,O
40,рЅарЅ░рѕѕрІФрІе,O
40,рІЇрЇЇрѕерЅх,O
40,рІГрІ│рѕЮрїБрѕЇ,O
40,Рюћ№ИЈ,O
40,рЅ┤рѕІрЅ┤рѕі,O
40,рЇќрѕхрЅ│,O
40,рЅарѕЂрѕѕрЅх,O
40,ріарІГріљрЅх,O
40,рІЇрЇЇрѕерЅх,O
40,рІГрѕ░рѕФрѕЇрЇб,O
40,­Ъњх­Ъњх3100,O
40,рІе1,O
40,ріарѕўрЅх,O
40,рІІрѕхрЅхріЊ,O
40,рІФрѕІрЅИрІЅ,O
40,рЅарїБрѕЮ,O
40,рІерѕџрІФрѕхрІ░рѕхрЅх,O
40,рІЋрЅЃ,O
40,рІ░рІЅрѕѕрІЅ,O
40,рѕЏрІўрІЮ,O
40,рІГрЅйрѕІрѕЅ,O
40,­ЪЊЇ­ЪЊЇ­ЪЊЇріарІхрѕФрѕ╗­ЪЉђ,O
40,РГЋ№ИЈрЅЂрїЦрѕГ,O
40,1,O
40,рѕЇрІ░рЅ│,O
40,рІѕрІ░,O
40,рЅБрѕЇрЅ╗,O
40,рѕєрѕхрЇњрЅ│рѕЇ,O
40,рїѕрЅБ,O
40,рЅЦрѕј,O
40,ріарѕЁрѕўрІх,O
40,рѕЁріЋрЇЃ,O
40,рѕІрІГ,O
40,1ріЏрЇјрЅЁ,O
40,105B,O
40,РГЋ№ИЈрЅЂрїЦрѕГ,O
40,2,O
40,__,O
40,22,O
40,ріарІЇрѕФрѕфрѕх,O
40,рѕєрЅ┤рѕЇ,O
40,ріарїарїѕрЅЦ,O
40,рЅарЇђрїІ,O
40,рѕЁріЋрЇЃ,O
40,3ріЏ,O
40,рЇј,O
40,рЅЁ,O
40,ріе,O
40,рѕірЇЇрЅ▒,O
40,рЅа,O
40,рїЇрѕФ,O
40,рІерѕ▒рЅЁ,O
40,рЅЂрїЦрѕГ­ЪЉї,O
40,C10,O
40,рІГрІ░рІЅрѕЅрѕЇріЋ­ЪЉє,O
40,рЅБрѕЅрЅарЅх,O
40,рІФрѕѕрЅ░рїерѕЏрѕф,O
40,ріГрЇЇрІФ,O
40,рѕЏрІўрІЮ,O
40,рІГрЅйрѕІрѕЅ,O
40,Рђ╝№ИЈ,O
40,0933334444,O
40,@LeMazez_z,O
40,0946242424,O
40,@Le_Mazez,O
40,0944109295,O
40,@Lemaze_z,O
41,Londony,O
41,3pc,O
41,christmas,O
41,set,O
41,For,O
41,your,O
41,little,O
41,angel,O
41,2900,O
41,birr,O
41,0909003864,O
41,0905707448,O
41,рѕіріЋріЕріЋ,O
41,рЅарѕўрїФріЋ,O
41,рЅ┤рѕїрїЇрѕФрѕЏрЅйріЋріЋ,O
41,рІГрЅђрѕІрЅђрѕЅhttps://t.me/sinayelj,O
41,ріЦрЅЃ,O
41,рѕѕрѕЏрІўрІЮ,O
41,ріерѕхрѕГ,O
41,рІФрѕѕрІЇріЋ,O
41,рѕіріЋрі«рЅй,O
41,рЅарѕўрїФріЋ,O
41,рѕЏрІўрІЮ,O
41,рЅхрЅйрѕІрѕІрЅ╣,O
41,@sinasinaye,O
41,https://t.me/sinayelj2,O
41,ріарІхрѕФрѕ╗,O
41,1№ИЈРЃБрЅЂрїЦрѕГ1,O
41,рїѕрѕГрїѓ,B-LOC
41,рібрѕЮрЇћрѕфрІФрѕЇ,I-LOC
41,ріерѕ│рѕџ,I-LOC
41,рѕЁріЋрЇЃ,I-LOC
41,рїјріЋ,I-LOC
41,ріарѕЇрЇјрІЮ,I-LOC
41,рЇЋрѕІрІЏ,I-LOC
41,рїЇрѕФрІЇріЋрІх,I-LOC
41,рѕІрІГ,O
41,ріЦріЋрІ░рїѕрЅА,O
41,рІФрїѕріЎріЊрѕЇ,O
41,2№ИЈРЃБрЅЂрїЦрѕГ2,O
41,4ріфрѕј,B-LOC
41,рЅЁрІхрѕхрЅх,I-LOC
41,рѕхрѕІрѕ┤,I-LOC
41,рѕЁріЋрЇЃ,I-LOC
41,рѕЏрѕѕрЅхрѕЮ,O
41,ріерЅЦрѕЇрЇЁрїЇріЊ,O
41,рІІріЊрЇЁрЇѕрЅх,O
41,рЅцрЅх,O
41,рѕЁріЋрЇЃ,O
41,рЅарѕхрЅ░,O
41,рЅђріЮ,O
41,рЅБрѕѕрІЇ,O
41,ріарѕхрЇЊрѕЇрЅх,O
41,20рѕюрЅхрѕГ,O
41,рІЮрЅЁ,O
41,ріЦріЋрІ│рѕЅ,O
41,рѕђрЅарѕ╗,O
41,рі«рЇі,O
41,рІерѕџрїѕріЮрЅарЅх,O
41,рЅђрІГ,O
41,рѕИріГрѕІ,O
41,рѕЁріЋрЇЃ,O
41,2рЅ░ріЏ,O
41,рЇјрЅЁ,O
41,рѕІрІГ,O
41,рІФрїѕріЎріЊрѕЇ,O
41,ріГрЅАрѕФріЋ,O
41,рІ░рѕЮрЅаріърЅ╗рЅйріЋ,O
41,рїѕрѕГрїѓ,B-LOC
41,ріарѕЇрЇјрІЮ,I-LOC
41,рЇЋрѕІрІЏ,I-LOC
41,рѕІрІГ,O
41,ріарѕФрЅх,O
41,ріфрѕј,O
41,рЅЁрІхрѕхрЅх,O
41,рѕхрѕІрѕ┤,O
41,рІФрѕЅрЅх,O
41,рѕ▒рЅєрЅ╗рЅйріЋ,O
41,рѕ▓рѕўрїА,O
41,ріарѕхрЅ░рѕЏрѕЏріЮ,O
41,рѕ░рЇі,O
41,рЇЊрѕГріфріЋрїЇ,O
41,рІФрѕІрЅИрІЇ,O
41,рѕўрѕєріЊрЅИрІЇріЋ,O
41,рЅарЅ│рѕІрЅЁ,O
41,рІ░рѕхрЅ│,O
41,ріЦріЊрЅарѕхрѕФрѕѕріЋ­ЪЎЈ­ЪЎЈ­ЪЎЈ,O
42,Toshiba,O
42,Generation,O
42,6th,O
42,Storage,O
42,1tb,O
42,Ram,O
42,8gb,O
42,Inch,O
42,15.6,O
42,Price,O
42,14000,O
42,Neva,O
42,laptop,O
42,+251912759900,O
43,Architecture,O
43,Blocks,O
43,ріарѕГріГрЅ┤ріГрЅИрѕГріЋ,O
43,рЅарЅЦрѕјріГ,O
43,рѕѕрѕЇрїєрЅй,O
43,­ЪЉЅ250,O
43,рѕўрѕѕрѕЏрѕўрїЃрІјрЅй,O
43,рІФрѕЅрЅх,O
43,­ЪЉЅрІерЅ░рѕѕрІФрІЕ,O
43,ріарѕГріГрЅ┤ріГрЅИрѕФрѕЇ,O
43,рІ▓рІЏрІГріќрЅйріЋ,O
43,рІФрѕѕрїѕрІ░рЅЦ,O
43,рѕўрѕхрѕФрЅх,O
43,рІерѕџрЅйрѕЅрЅарЅх,O
43,­ЪЉЅрѕЎрѕЅ,O
43,рѕѕрѕЎрѕЅ,O
43,ріеріЦріЋрїерЅх,O
43,рІерЅ░рѕ░рѕЕ,O
43,рЅЦрѕјрі«рЅйріЋ,O
43,рІерІФрІў,O
43,­ЪЉЅрІерѕџрЇѕрѕЇрїЅрЅхріЋ,O
43,рІ▓рІЏрІГріЋ,O
43,рѕѕрѕўрѕхрѕФрЅх,O
43,рѕЮріЋрѕЮ,O
43,ріарІГріљрЅх,O
43,рЅ░рїерѕЏрѕф,O
43,рѕЏрїБрЅарЅѓрІФ,O
43,рІерѕЏрІГрЇѕрѕЇрїЇ,O
43,ріеріаріЋрІх,O
43,рїірІю,O
43,рЅарѕІрІГ,O
43,рІ░рїІрїЇрѕўрІЇ,O
43,рѕірїарЅђрѕЎрЅарЅх,O
43,рІерѕџрЅйрѕЅрЅх,O
43,­ЪЉЅрЇЊрігрїЂ,O
43,ріерЅ░рїарЅђрѕЎрЅарЅх,O
43,рЅаріІрѕІ,O
43,рѕўрѕЇрѕХ,O
43,рѕѕрѕЏрѕхрЅђрѕўрїЦ,O
43,рѕЮрЅ╣,O
43,рѕєріќ,O
43,рІерЅ░рІўрїІрїђ,O
43,­ЪЉЅрѕЮрѕГрїЦ,O
43,рѕхрїдрЅ│,B-Product
43,рѕўрѕєріЋ,O
43,рІерѕџрЅйрѕЇ,O
43,­ЪЉЅріарЅхріЕрѕ«рЅхріЋріЊ,O
43,рЇЁріЊрЅхріЋ,O
43,рІерѕџрѕѕрѕЏрѕўрІ▒рЅарЅх,O
43,­ЪЉЅрЅарѕФрѕх,O
43,рѕўрЅ░рѕЏрѕўріЋріЋ,O
43,рІерѕџрІФрІ│рЅЦрѕГ,B-PRICE
43,­ЪЉЅрѕЮріЊрЅБрІі,O
43,ріарЅЁрѕЮріЋріЊ,O
43,рЇѕрїарѕФріЋ,O
43,рІерѕџрІФрїјрѕѕрЅЦрЅх,O
43,рІўріЊ,O
43,рѕѕрѕЏрѕѕрЅхріЊ,O
43,рІерѕўрїеріЊріљрЅЁ,O
43,рѕхрѕюрЅхріЋ,O
43,рѕѕрѕўрЅђріљрѕх,O
43,рІерѕџрѕерІ│,O
43,­ЪЉЅрІеріЦрїЁріЊ,O
43,рІеріарІГріЋ,O
43,рЅЁріЋрїЁрЅхріЋ,O
43,рІерѕџрІФрІ│рЅЦрѕГ,B-PRICE
43,рІІрїІрІЇ,O
43,3000,O
43,рІГрІ░рІЇрѕЅ,O
43,0989939393,O
43,рІѕрІГрѕЮ,O
43,0930323334,O
43,Telegram,O
43,>,O
43,http://t.me/meneshayeofficial,O
43,Tiktok,O
43,>,O
43,http://tiktok.com/@meneshayeofficial,O
43,Facebook,O
43,>,O
43,http://facebook.com/@meneshayeofficial,O
43,ріарІхрѕФрѕ╗рЇд,O
43,­ЪЊЇ,B-LOC
43,рїЅрѕГрІх,I-LOC
43,рѕЙрѕІ,I-LOC
43,рѕєрѕі,I-LOC
43,рѕ▓рЅ▓,I-LOC
43,рѕ┤ріЋрЅ░рѕГ,I-LOC
43,3ріЏ,I-LOC
43,рЇјрЅЁ,I-LOC
43,рІерѕЇрїЁрІјріЋ,O
43,рѕўріљрѕ╗,O
43,рІФрЅЁрѕЇрѕЅ!,O
43,#Buildingblock,O
43,#block,O
43,#toy,O
43,#kid,O
43,#store,O
43,#gift,O
43,#quality,O
43,#confidence,O
43,#concentration,O
43,#creativity,O
43,#educationaltoys,O
43,#meneshaye,O
44,SKECHERS,O
44,Cooled,O
44,Size,O
44,40#41#42#43,O
44,MADE,O
44,IN,O
44,VIETNAM,O
44,SHEWA,O
44,BRAND,O
44,ріарІхрѕФрѕ╗,O
44,рІхрѕгрІ│рІІ,B-LOC
44,ріарѕИрІІ,I-LOC
44,рѕџріЊ,I-LOC
44,рѕЁріЋрЇЃ,I-LOC
44,1ріЏ,O
44,рЇјрЅЁ,O
44,рѕІрІГ,O
44,ріЦріЋрїѕріЏрѕѕріЋ,O
44,рІерЅ┤рѕїрїЇрѕФрѕЮ,O
44,рЅ╗ріЊрѕІрЅйріЋріЋ,O
44,рІГрЅђрѕІрЅђрѕЅ,O
44,­ЪЉЄ­ЪЉЄ­ЪЉЄ,O
44,https://t.me//shewabrand,O
44,https://t.me//shewabrand,O
44,https://t.me//shewabrand,O
44,https://t.me//shewabrand,O
44,рІерЅцрЅх,O
44,рЅЂрїЦрѕГ,O
44,109,O
44,ріЦріЊ,O
44,110,O
44,­ЪЊЕрЅа,O
44,inbox,O
44,@shewat2,O
44,ріарІІрѕЕріЋ,O
44,­ЪЊъ,O
44,0987336458,O
44,­ЪЊъ0948595409,O
44,рІГрІ░рІЇрѕЅрѕЇріЋ,O
45,ALLSTAR,O
45,CONVERSE,O
45,SIZE,O
45,36#37#38#39,O
45,MADE,O
45,IN,O
45,VIETNAM,O
45,SHEWA,O
45,BRAND,O
46,Nike,O
46,airmax,O
46,tailwind,O
46,Made,O
46,in,O
46,Vietnam,O
46,Size,O
46,44,O
46,Price,O
46,1250,O
46,birr,O
46,Contact,O
46,me,O
46,@Sofonias12,O
46,or,O
46,call,O
46,the,O
46,number,O
46,in,O
46,the,O
46,picture,O
46,for,O
46,more,O
46,info,O
46,visit,O
46,our,O
46,Facebook,O
46,page,O
46,https://m.facebook.com/ethiocollection/?,O
47,­ЪњЦ­ЪњЦ...................................­ЪњЦ­ЪњЦ,O
47,­ЪЊї,O
47,Portable,O
47,Sealing,O
47,Machine,O
47,­ЪЉЇButton,O
47,Switch,O
47,­ЪЉЇ,O
47,east,O
47,to,O
47,use,O
47,Рџа№ИЈ,O
47,рІГрІъ,O
47,рѕѕрѕўріЋрЅђрѕ│рЅђрѕх,O
47,рѕЮрЅ╣,O
47,рІІрїІрЇд,O
47,­Ъњ▓­ЪЈи,O
47,600,B-PRICE
47,рЅЦрѕГ,I-PRICE
47,РюЁ,O
47,РЎд№ИЈрІЇрѕхріЋ,O
47,рЇЇрѕг,O
47,ріљрІЇ,O
47,рІФрѕѕрІЇ,O
47,­ЪћЦ­ЪћЦ­ЪћЦ,O
47,­ЪЈб,O
47,ріарІхрѕФрѕ╗­ЪЉЅ,O
47,­ЪЊЇРЎд№ИЈ#рѕўрїѕріЊріЏ_рѕўрѕ░рѕерЅх_рІ░рЇІрѕГ_рѕърѕЇ_рѕЂрѕѕрЅ░ріЏ_рЇјрЅЁ,O
47,рЅбрѕ«,O
47,рЅЂ.,O
47,S05/S06,O
47,­ЪњД­ЪњД­ЪњД­ЪњД,O
47,­ЪЊ▓,O
47,0902660722,O
47,­ЪЊ▓,O
47,0928460606,O
47,­Ъћќ,O
47,­ЪњгрЅаTelegram,O
47,рѕѕрѕЏрІўрІЮ,O
47,Рцх№ИЈ,O
47,рІГрїарЅђрѕЎ­Ъћй,O
47,@zemencallcenter,O
47,@zemenexpressadmin,O
47,рѕѕрЅ░рїерѕЏрѕф,O
47,рѕЏрЅЦрѕФрѕфрІФ,O
47,рІерЅ┤рѕїрїЇрѕФрѕЮ,O
47,рїѕрЇЃрЅйріЋРцх№ИЈ,O
47,https://telegram.me/zemenexpress,O
47,­ЪњЦ­ЪњЦ...................................­ЪњЦ­ЪњЦ,O
48,All,O
48,star,O
48,leather,O
48,high,O
48,Size,O
48,"40,41,42,43",O
48,Price,O
48,3200,O
48,birr,O
48,­ЪЈбріарІхрѕФрѕ╗-рѕюріГрѕ▓рі«,B-LOC
48,рі«рѕюрѕГрѕх,I-LOC
48,рїђрѕГрЅБ,I-LOC
48,рѕўрІџрІх,I-LOC
48,рЇЋрѕІрІЏ,I-LOC
48,рІерѕўрїђрѕўрѕфрІФ,O
48,рІ░рѕерїЃ,O
48,ріЦріЋрІ░рІѕрїА,O
48,101,O
48,рІерЅбрѕ«,O
48,рЅЂрїЦрѕГ,O
48,рІФрїѕріЎріЊрѕЇ,O
48,or,O
48,call,O
48,0920238243,O
49,#GAMING,O
49,LAPTOPРюћ№ИЈ,O
49,#student,O
49,offer,O
49,­ЪЌ»№ИЈ,O
49,­ЪЁЉ№Иј­ЪЁА№Иј­ЪЁљ№Иј­ЪЁЮ№Иј­ЪЁЊ№Иј,O
49,:,O
49,HP,O
49,OMEN,O
49,016,O
49,Рюе­ЪЁЊ№Иј­ЪЁў№Иј­ЪЁб№Иј­ЪЁЪ№Иј­ЪЁЏ№Иј­ЪЁљ№Иј­ЪЁе№Иј:,O
49,16РђЮ,O
49,QHD,O
49,165HZ,O
49,Рюе­ЪЁњ№Иј­ЪЁЪ№Иј­ЪЁц№Иј:,O
49,CORE,O
49,I9-13900HX(,O
49,24,O
49,core,O
49,&,O
49,32,O
49,logical,O
49,processor,O
49,Рюе­ЪЁА№Иј­ЪЁљ№Иј­ЪЁю№Иј:16GB,O
49,­ЮЌЌ­ЮЌЌ­ЮЌЦ5,O
49,Рюе­ЪЁб№Иј­ЪЁБ№Иј­ЪЁъ№Иј­ЪЁА№Иј­ЪЁљ№Иј­ЪЁќ№Иј:,O
49,1TB,O
49,SSD,O
49,Рюе­ЪЁќ№Иј­ЪЁА№Иј­ЪЁљ№Иј­ЪЁЪ№Иј­ЪЁЌ№Иј­ЪЁў№Иј­ЪЁњ№Иј­ЪЁб№Иј:,O
49,8GB,O
49,RTX,O
49,4060,O
49,Рюе­ЪЁъ№Иј­ЪЁб№Иј:­Юўё­ЮЌХ­ЮЌ╗­ЮЌ▒­ЮЌ╝­Юўё­Юўђ,O
49,11,O
49,pro,O
49,Рюе­ЪЁЉ№Иј­ЪЁљ№Иј­ЪЁБ№Иј­ЪЁБ№Иј­ЪЁћ№Иј­ЪЁА№Иј­ЪЁе№Иј:,O
49,4HR,O
49,Рюе­ЪЁб№Иј­ЪЁБ№Иј­ЪЁљ№Иј­ЪЁБ№Иј­ЪЁц№Иј­ЪЁб№Иј:,O
49,BRAND,O
49,NEW,O
49,­ЪЊЕ@rasneva,O
49,рѕѕріарїГрѕГ,O
49,рѕўрѕЇріЦріГрЅх,O
49,рІГрІ░рІЅрѕЅ,O
49,Рўј№ИЈ,O
49,+251912759900,O
49,+251920153333,O
49,­ЪЈб,O
49,ріарІхрѕФрѕ╗:,O
49,-,O
49,рѕўрїѕріЊріЏ,B-LOC
49,рѕЏрѕФрЅХріЋ,O
49,рІе,O
49,рїѕрЅарІФ,O
49,рѕЏріЦріерѕЇ,O
49,рЅа,O
49,рІІріЊрІЇ,O
49,рѕўрїЇрЅбрІФ,O
49,рѕўрѕгрЅх,O
49,рѕІрІГ,O
49,рІѕрІГріЋрѕЮ,O
49,рїЇрѕФрІЇріЋрІх,O
49,рЇЇрѕјрѕГ,O
49,рЅЦрЅЁ,O
49,рІГрЅарѕЅ,O
49,­ЪЉЅріљрЅФ,O
49,рі«рѕЮрЇњрІЇрЅ░рѕГ­ЪЉѕ,O
49,рѕўрѕєріЉріЋ,O
49,рІФрѕерїІрїЇрїА,O
49,рІхрѕЁрѕе,O
49,рїѕрї╗рЅйріЋріЋ,O
49,рІГрїјрЅЦріЎ,O
49,www.nevacomputer.com,O
49,рЅ┤рѕїрїЇрѕФрѕЮ,O
49,рЅ╗ріЊрѕІрЅйріЋріЋ,O
49,рІГрЅђрѕІрЅђрѕЅ,O
49,https://t.me/nevacomputer,O
